file,line,type,commit,author,date,time,timezone,datetime,depth,length
style.css,1,css,c1977cbe,Sophia Vo,2025-04-18,17:41:28,-07:00,2025-04-18T17:41:28-07:00,0,5
style.css,2,css,c1977cbe,Sophia Vo,2025-04-18,17:41:28,-07:00,2025-04-18T17:41:28-07:00,0,24
style.css,3,css,c1977cbe,Sophia Vo,2025-04-18,17:41:28,-07:00,2025-04-18T17:41:28-07:00,0,0
style.css,4,css,c1977cbe,Sophia Vo,2025-04-18,17:41:28,-07:00,2025-04-18T17:41:28-07:00,0,0
style.css,5,css,f703df5b,Sophia Vo,2025-04-04,22:12:15,-07:00,2025-04-04T22:12:15-07:00,0,5
style.css,6,css,f703df5b,Sophia Vo,2025-04-04,22:12:15,-07:00,2025-04-04T22:12:15-07:00,0,44
style.css,7,css,f703df5b,Sophia Vo,2025-04-04,22:12:15,-07:00,2025-04-04T22:12:15-07:00,0,43
style.css,8,css,f703df5b,Sophia Vo,2025-04-04,22:12:15,-07:00,2025-04-04T22:12:15-07:00,0,1
style.css,9,css,f703df5b,Sophia Vo,2025-04-04,22:12:15,-07:00,2025-04-04T22:12:15-07:00,0,24
style.css,10,css,dfa602fb,Sophia Vo,2025-04-11,23:10:07,-07:00,2025-04-11T23:10:07-07:00,0,16
style.css,11,css,dfa602fb,Sophia Vo,2025-04-11,23:10:07,-07:00,2025-04-11T23:10:07-07:00,0,43
style.css,12,css,dfa602fb,Sophia Vo,2025-04-11,23:10:07,-07:00,2025-04-11T23:10:07-07:00,0,19
style.css,13,css,dfa602fb,Sophia Vo,2025-04-11,23:10:07,-07:00,2025-04-11T23:10:07-07:00,0,0
style.css,14,css,dfa602fb,Sophia Vo,2025-04-11,23:10:07,-07:00,2025-04-11T23:10:07-07:00,0,0
style.css,15,css,dfa602fb,Sophia Vo,2025-04-11,23:10:07,-07:00,2025-04-11T23:10:07-07:00,0,15
style.css,16,css,dfa602fb,Sophia Vo,2025-04-11,23:10:07,-07:00,2025-04-11T23:10:07-07:00,0,17
style.css,17,css,dfa602fb,Sophia Vo,2025-04-11,23:10:07,-07:00,2025-04-11T23:10:07-07:00,0,0
style.css,18,css,dfa602fb,Sophia Vo,2025-04-11,23:10:07,-07:00,2025-04-11T23:10:07-07:00,0,0
style.css,19,css,dfa602fb,Sophia Vo,2025-04-11,23:10:07,-07:00,2025-04-11T23:10:07-07:00,0,0
style.css,20,css,dfa602fb,Sophia Vo,2025-04-11,23:10:07,-07:00,2025-04-11T23:10:07-07:00,0,4
style.css,21,css,c1977cbe,Sophia Vo,2025-04-18,17:41:28,-07:00,2025-04-18T17:41:28-07:00,0,40
style.css,22,css,c1977cbe,Sophia Vo,2025-04-18,17:41:28,-07:00,2025-04-18T17:41:28-07:00,0,0
style.css,23,css,c1977cbe,Sophia Vo,2025-04-18,17:41:28,-07:00,2025-04-18T17:41:28-07:00,0,13
style.css,24,css,c1977cbe,Sophia Vo,2025-04-18,17:41:28,-07:00,2025-04-18T17:41:28-07:00,0,10
style.css,25,css,c1977cbe,Sophia Vo,2025-04-18,17:41:28,-07:00,2025-04-18T17:41:28-07:00,0,20
style.css,26,css,c1977cbe,Sophia Vo,2025-04-18,17:41:28,-07:00,2025-04-18T17:41:28-07:00,0,0
style.css,27,css,c1977cbe,Sophia Vo,2025-04-18,17:41:28,-07:00,2025-04-18T17:41:28-07:00,0,44
style.css,28,css,dfa602fb,Sophia Vo,2025-04-11,23:10:07,-07:00,2025-04-11T23:10:07-07:00,0,21
style.css,29,css,c1977cbe,Sophia Vo,2025-04-18,17:41:28,-07:00,2025-04-18T17:41:28-07:00,0,18
style.css,30,css,dfa602fb,Sophia Vo,2025-04-11,23:10:07,-07:00,2025-04-11T23:10:07-07:00,0,0
style.css,31,css,dfa602fb,Sophia Vo,2025-04-11,23:10:07,-07:00,2025-04-11T23:10:07-07:00,0,0
style.css,32,css,dfa602fb,Sophia Vo,2025-04-11,23:10:07,-07:00,2025-04-11T23:10:07-07:00,0,6
style.css,33,css,dfa602fb,Sophia Vo,2025-04-11,23:10:07,-07:00,2025-04-11T23:10:07-07:00,0,7
style.css,34,css,dfa602fb,Sophia Vo,2025-04-11,23:10:07,-07:00,2025-04-11T23:10:07-07:00,0,21
style.css,35,css,dfa602fb,Sophia Vo,2025-04-11,23:10:07,-07:00,2025-04-11T23:10:07-07:00,0,14
style.css,36,css,dfa602fb,Sophia Vo,2025-04-11,23:10:07,-07:00,2025-04-11T23:10:07-07:00,0,18
style.css,37,css,dfa602fb,Sophia Vo,2025-04-11,23:10:07,-07:00,2025-04-11T23:10:07-07:00,0,14
style.css,38,css,dfa602fb,Sophia Vo,2025-04-11,23:10:07,-07:00,2025-04-11T23:10:07-07:00,0,38
style.css,39,css,dfa602fb,Sophia Vo,2025-04-11,23:10:07,-07:00,2025-04-11T23:10:07-07:00,0,0
style.css,40,css,dfa602fb,Sophia Vo,2025-04-11,23:10:07,-07:00,2025-04-11T23:10:07-07:00,0,0
style.css,41,css,dfa602fb,Sophia Vo,2025-04-11,23:10:07,-07:00,2025-04-11T23:10:07-07:00,0,14
style.css,42,css,c1977cbe,Sophia Vo,2025-04-18,17:41:28,-07:00,2025-04-18T17:41:28-07:00,0,0
style.css,43,css,c1977cbe,Sophia Vo,2025-04-18,17:41:28,-07:00,2025-04-18T17:41:28-07:00,0,40
style.css,44,css,c1977cbe,Sophia Vo,2025-04-18,17:41:28,-07:00,2025-04-18T17:41:28-07:00,0,17
style.css,45,css,c1977cbe,Sophia Vo,2025-04-18,17:41:28,-07:00,2025-04-18T17:41:28-07:00,0,64
style.css,46,css,dfa602fb,Sophia Vo,2025-04-11,23:10:07,-07:00,2025-04-11T23:10:07-07:00,0,0
style.css,47,css,dfa602fb,Sophia Vo,2025-04-11,23:10:07,-07:00,2025-04-11T23:10:07-07:00,0,0
style.css,48,css,dfa602fb,Sophia Vo,2025-04-11,23:10:07,-07:00,2025-04-11T23:10:07-07:00,0,6
style.css,49,css,dfa602fb,Sophia Vo,2025-04-11,23:10:07,-07:00,2025-04-11T23:10:07-07:00,0,32
style.css,50,css,dfa602fb,Sophia Vo,2025-04-11,23:10:07,-07:00,2025-04-11T23:10:07-07:00,0,0
style.css,51,css,dfa602fb,Sophia Vo,2025-04-11,23:10:07,-07:00,2025-04-11T23:10:07-07:00,0,0
style.css,52,css,dfa602fb,Sophia Vo,2025-04-11,23:10:07,-07:00,2025-04-11T23:10:07-07:00,0,11
style.css,53,css,dfa602fb,Sophia Vo,2025-04-11,23:10:07,-07:00,2025-04-11T23:10:07-07:00,0,33
style.css,54,css,dfa602fb,Sophia Vo,2025-04-11,23:10:07,-07:00,2025-04-11T23:10:07-07:00,0,0
style.css,55,css,dfa602fb,Sophia Vo,2025-04-11,23:10:07,-07:00,2025-04-11T23:10:07-07:00,0,0
style.css,56,css,dfa602fb,Sophia Vo,2025-04-11,23:10:07,-07:00,2025-04-11T23:10:07-07:00,0,12
style.css,57,css,c1977cbe,Sophia Vo,2025-04-18,17:41:28,-07:00,2025-04-18T17:41:28-07:00,0,40
style.css,58,css,c1977cbe,Sophia Vo,2025-04-18,17:41:28,-07:00,2025-04-18T17:41:28-07:00,0,70
style.css,59,css,dfa602fb,Sophia Vo,2025-04-11,23:10:07,-07:00,2025-04-11T23:10:07-07:00,0,0
style.css,60,css,dfa602fb,Sophia Vo,2025-04-11,23:10:07,-07:00,2025-04-11T23:10:07-07:00,0,0
style.css,61,css,dfa602fb,Sophia Vo,2025-04-11,23:10:07,-07:00,2025-04-11T23:10:07-07:00,0,4
style.css,62,css,dfa602fb,Sophia Vo,2025-04-11,23:10:07,-07:00,2025-04-11T23:10:07-07:00,0,15
style.css,63,css,dfa602fb,Sophia Vo,2025-04-11,23:10:07,-07:00,2025-04-11T23:10:07-07:00,0,12
style.css,64,css,dfa602fb,Sophia Vo,2025-04-11,23:10:07,-07:00,2025-04-11T23:10:07-07:00,0,14
style.css,65,css,dfa602fb,Sophia Vo,2025-04-11,23:10:07,-07:00,2025-04-11T23:10:07-07:00,0,19
style.css,66,css,dfa602fb,Sophia Vo,2025-04-11,23:10:07,-07:00,2025-04-11T23:10:07-07:00,0,0
style.css,67,css,dfa602fb,Sophia Vo,2025-04-11,23:10:07,-07:00,2025-04-11T23:10:07-07:00,0,0
style.css,68,css,dfa602fb,Sophia Vo,2025-04-11,23:10:07,-07:00,2025-04-11T23:10:07-07:00,0,10
style.css,69,css,dfa602fb,Sophia Vo,2025-04-11,23:10:07,-07:00,2025-04-11T23:10:07-07:00,0,13
style.css,70,css,dfa602fb,Sophia Vo,2025-04-11,23:10:07,-07:00,2025-04-11T23:10:07-07:00,0,12
style.css,71,css,dfa602fb,Sophia Vo,2025-04-11,23:10:07,-07:00,2025-04-11T23:10:07-07:00,0,13
style.css,72,css,dfa602fb,Sophia Vo,2025-04-11,23:10:07,-07:00,2025-04-11T23:10:07-07:00,0,0
style.css,73,css,dfa602fb,Sophia Vo,2025-04-11,23:10:07,-07:00,2025-04-11T23:10:07-07:00,0,0
style.css,74,css,dfa602fb,Sophia Vo,2025-04-11,23:10:07,-07:00,2025-04-11T23:10:07-07:00,0,5
style.css,75,css,dfa602fb,Sophia Vo,2025-04-11,23:10:07,-07:00,2025-04-11T23:10:07-07:00,0,13
style.css,76,css,dfa602fb,Sophia Vo,2025-04-11,23:10:07,-07:00,2025-04-11T23:10:07-07:00,0,31
style.css,77,css,dfa602fb,Sophia Vo,2025-04-11,23:10:07,-07:00,2025-04-11T23:10:07-07:00,0,14
style.css,78,css,dfa602fb,Sophia Vo,2025-04-11,23:10:07,-07:00,2025-04-11T23:10:07-07:00,0,19
style.css,79,css,dfa602fb,Sophia Vo,2025-04-11,23:10:07,-07:00,2025-04-11T23:10:07-07:00,0,0
style.css,80,css,dfa602fb,Sophia Vo,2025-04-11,23:10:07,-07:00,2025-04-11T23:10:07-07:00,0,0
style.css,81,css,dfa602fb,Sophia Vo,2025-04-11,23:10:07,-07:00,2025-04-11T23:10:07-07:00,0,11
style.css,82,css,dfa602fb,Sophia Vo,2025-04-11,23:10:07,-07:00,2025-04-11T23:10:07-07:00,0,17
style.css,83,css,dfa602fb,Sophia Vo,2025-04-11,23:10:07,-07:00,2025-04-11T23:10:07-07:00,0,0
style.css,84,css,dfa602fb,Sophia Vo,2025-04-11,23:10:07,-07:00,2025-04-11T23:10:07-07:00,0,0
style.css,85,css,dfa602fb,Sophia Vo,2025-04-11,23:10:07,-07:00,2025-04-11T23:10:07-07:00,0,10
style.css,86,css,dfa602fb,Sophia Vo,2025-04-11,23:10:07,-07:00,2025-04-11T23:10:07-07:00,0,14
style.css,87,css,dfa602fb,Sophia Vo,2025-04-11,23:10:07,-07:00,2025-04-11T23:10:07-07:00,0,11
style.css,88,css,dfa602fb,Sophia Vo,2025-04-11,23:10:07,-07:00,2025-04-11T23:10:07-07:00,0,22
style.css,89,css,dfa602fb,Sophia Vo,2025-04-11,23:10:07,-07:00,2025-04-11T23:10:07-07:00,0,14
style.css,90,css,dfa602fb,Sophia Vo,2025-04-11,23:10:07,-07:00,2025-04-11T23:10:07-07:00,0,22
style.css,91,css,dfa602fb,Sophia Vo,2025-04-11,23:10:07,-07:00,2025-04-11T23:10:07-07:00,0,0
style.css,92,css,dfa602fb,Sophia Vo,2025-04-11,23:10:07,-07:00,2025-04-11T23:10:07-07:00,0,0
style.css,93,css,dfa602fb,Sophia Vo,2025-04-11,23:10:07,-07:00,2025-04-11T23:10:07-07:00,0,14
style.css,94,css,dfa602fb,Sophia Vo,2025-04-11,23:10:07,-07:00,2025-04-11T23:10:07-07:00,0,15
style.css,95,css,dfa602fb,Sophia Vo,2025-04-11,23:10:07,-07:00,2025-04-11T23:10:07-07:00,0,16
style.css,96,css,dfa602fb,Sophia Vo,2025-04-11,23:10:07,-07:00,2025-04-11T23:10:07-07:00,0,0
style.css,97,css,dfa602fb,Sophia Vo,2025-04-11,23:10:07,-07:00,2025-04-11T23:10:07-07:00,0,0
style.css,98,css,dfa602fb,Sophia Vo,2025-04-11,23:10:07,-07:00,2025-04-11T23:10:07-07:00,0,12
style.css,99,css,dfa602fb,Sophia Vo,2025-04-11,23:10:07,-07:00,2025-04-11T23:10:07-07:00,0,19
style.css,100,css,dfa602fb,Sophia Vo,2025-04-11,23:10:07,-07:00,2025-04-11T23:10:07-07:00,0,11
style.css,101,css,dfa602fb,Sophia Vo,2025-04-11,23:10:07,-07:00,2025-04-11T23:10:07-07:00,0,22
style.css,102,css,dfa602fb,Sophia Vo,2025-04-11,23:10:07,-07:00,2025-04-11T23:10:07-07:00,0,0
style.css,103,css,dfa602fb,Sophia Vo,2025-04-11,23:10:07,-07:00,2025-04-11T23:10:07-07:00,0,20
style.css,104,css,dfa602fb,Sophia Vo,2025-04-11,23:10:07,-07:00,2025-04-11T23:10:07-07:00,0,12
style.css,105,css,dfa602fb,Sophia Vo,2025-04-11,23:10:07,-07:00,2025-04-11T23:10:07-07:00,0,37
style.css,106,css,dfa602fb,Sophia Vo,2025-04-11,23:10:07,-07:00,2025-04-11T23:10:07-07:00,0,12
style.css,107,css,dfa602fb,Sophia Vo,2025-04-11,23:10:07,-07:00,2025-04-11T23:10:07-07:00,0,18
style.css,108,css,dfa602fb,Sophia Vo,2025-04-11,23:10:07,-07:00,2025-04-11T23:10:07-07:00,0,15
style.css,109,css,dfa602fb,Sophia Vo,2025-04-11,23:10:07,-07:00,2025-04-11T23:10:07-07:00,0,13
style.css,110,css,dfa602fb,Sophia Vo,2025-04-11,23:10:07,-07:00,2025-04-11T23:10:07-07:00,0,0
style.css,111,css,dfa602fb,Sophia Vo,2025-04-11,23:10:07,-07:00,2025-04-11T23:10:07-07:00,0,0
style.css,112,css,dfa602fb,Sophia Vo,2025-04-11,23:10:07,-07:00,2025-04-11T23:10:07-07:00,0,18
style.css,113,css,dfa602fb,Sophia Vo,2025-04-11,23:10:07,-07:00,2025-04-11T23:10:07-07:00,0,12
style.css,114,css,dfa602fb,Sophia Vo,2025-04-11,23:10:07,-07:00,2025-04-11T23:10:07-07:00,0,0
style.css,115,css,dfa602fb,Sophia Vo,2025-04-11,23:10:07,-07:00,2025-04-11T23:10:07-07:00,0,0
style.css,116,css,dfa602fb,Sophia Vo,2025-04-11,23:10:07,-07:00,2025-04-11T23:10:07-07:00,0,0
style.css,117,css,dfa602fb,Sophia Vo,2025-04-11,23:10:07,-07:00,2025-04-11T23:10:07-07:00,0,10
style.css,118,css,dfa602fb,Sophia Vo,2025-04-11,23:10:07,-07:00,2025-04-11T23:10:07-07:00,0,13
style.css,119,css,dfa602fb,Sophia Vo,2025-04-11,23:10:07,-07:00,2025-04-11T23:10:07-07:00,0,59
style.css,120,css,dfa602fb,Sophia Vo,2025-04-11,23:10:07,-07:00,2025-04-11T23:10:07-07:00,0,10
style.css,121,css,dfa602fb,Sophia Vo,2025-04-11,23:10:07,-07:00,2025-04-11T23:10:07-07:00,0,0
style.css,122,css,dfa602fb,Sophia Vo,2025-04-11,23:10:07,-07:00,2025-04-11T23:10:07-07:00,0,0
style.css,123,css,dfa602fb,Sophia Vo,2025-04-11,23:10:07,-07:00,2025-04-11T23:10:07-07:00,0,18
style.css,124,css,dfa602fb,Sophia Vo,2025-04-11,23:10:07,-07:00,2025-04-11T23:10:07-07:00,0,22
style.css,125,css,dfa602fb,Sophia Vo,2025-04-11,23:10:07,-07:00,2025-04-11T23:10:07-07:00,0,12
style.css,126,css,dfa602fb,Sophia Vo,2025-04-11,23:10:07,-07:00,2025-04-11T23:10:07-07:00,0,18
style.css,127,css,dfa602fb,Sophia Vo,2025-04-11,23:10:07,-07:00,2025-04-11T23:10:07-07:00,0,40
style.css,128,css,dfa602fb,Sophia Vo,2025-04-11,23:10:07,-07:00,2025-04-11T23:10:07-07:00,0,13
style.css,129,css,dfa602fb,Sophia Vo,2025-04-11,23:10:07,-07:00,2025-04-11T23:10:07-07:00,0,22
style.css,130,css,dfa602fb,Sophia Vo,2025-04-11,23:10:07,-07:00,2025-04-11T23:10:07-07:00,0,10
style.css,131,css,dfa602fb,Sophia Vo,2025-04-11,23:10:07,-07:00,2025-04-11T23:10:07-07:00,0,0
style.css,132,css,dfa602fb,Sophia Vo,2025-04-11,23:10:07,-07:00,2025-04-11T23:10:07-07:00,0,0
style.css,133,css,dfa602fb,Sophia Vo,2025-04-11,23:10:07,-07:00,2025-04-11T23:10:07-07:00,0,21
style.css,134,css,dfa602fb,Sophia Vo,2025-04-11,23:10:07,-07:00,2025-04-11T23:10:07-07:00,0,9
style.css,135,css,dfa602fb,Sophia Vo,2025-04-11,23:10:07,-07:00,2025-04-11T23:10:07-07:00,0,16
style.css,136,css,dfa602fb,Sophia Vo,2025-04-11,23:10:07,-07:00,2025-04-11T23:10:07-07:00,0,17
style.css,137,css,dfa602fb,Sophia Vo,2025-04-11,23:10:07,-07:00,2025-04-11T23:10:07-07:00,0,16
style.css,138,css,dfa602fb,Sophia Vo,2025-04-11,23:10:07,-07:00,2025-04-11T23:10:07-07:00,0,0
style.css,139,css,dfa602fb,Sophia Vo,2025-04-11,23:10:07,-07:00,2025-04-11T23:10:07-07:00,0,0
style.css,140,css,dfa602fb,Sophia Vo,2025-04-11,23:10:07,-07:00,2025-04-11T23:10:07-07:00,0,22
style.css,141,css,dfa602fb,Sophia Vo,2025-04-11,23:10:07,-07:00,2025-04-11T23:10:07-07:00,0,11
style.css,142,css,dfa602fb,Sophia Vo,2025-04-11,23:10:07,-07:00,2025-04-11T23:10:07-07:00,0,20
style.css,143,css,dfa602fb,Sophia Vo,2025-04-11,23:10:07,-07:00,2025-04-11T23:10:07-07:00,0,17
style.css,144,css,dfa602fb,Sophia Vo,2025-04-11,23:10:07,-07:00,2025-04-11T23:10:07-07:00,0,25
style.css,145,css,dfa602fb,Sophia Vo,2025-04-11,23:10:07,-07:00,2025-04-11T23:10:07-07:00,0,18
style.css,146,css,dfa602fb,Sophia Vo,2025-04-11,23:10:07,-07:00,2025-04-11T23:10:07-07:00,0,0
style.css,147,css,dfa602fb,Sophia Vo,2025-04-11,23:10:07,-07:00,2025-04-11T23:10:07-07:00,0,0
style.css,148,css,dfa602fb,Sophia Vo,2025-04-11,23:10:07,-07:00,2025-04-11T23:10:07-07:00,0,20
style.css,149,css,dfa602fb,Sophia Vo,2025-04-11,23:10:07,-07:00,2025-04-11T23:10:07-07:00,0,12
style.css,150,css,dfa602fb,Sophia Vo,2025-04-11,23:10:07,-07:00,2025-04-11T23:10:07-07:00,0,9
style.css,151,css,dfa602fb,Sophia Vo,2025-04-11,23:10:07,-07:00,2025-04-11T23:10:07-07:00,0,16
style.css,152,css,dfa602fb,Sophia Vo,2025-04-11,23:10:07,-07:00,2025-04-11T23:10:07-07:00,0,0
style.css,153,css,dfa602fb,Sophia Vo,2025-04-11,23:10:07,-07:00,2025-04-11T23:10:07-07:00,0,0
style.css,154,css,dfa602fb,Sophia Vo,2025-04-11,23:10:07,-07:00,2025-04-11T23:10:07-07:00,0,0
style.css,155,css,dfa602fb,Sophia Vo,2025-04-11,23:10:07,-07:00,2025-04-11T23:10:07-07:00,0,3
style.css,156,css,dfa602fb,Sophia Vo,2025-04-11,23:10:07,-07:00,2025-04-11T23:10:07-07:00,0,15
style.css,157,css,dfa602fb,Sophia Vo,2025-04-11,23:10:07,-07:00,2025-04-11T23:10:07-07:00,0,20
style.css,158,css,c1977cbe,Sophia Vo,2025-04-18,17:41:28,-07:00,2025-04-18T17:41:28-07:00,0,0
style.css,159,css,dfa602fb,Sophia Vo,2025-04-11,23:10:07,-07:00,2025-04-11T23:10:07-07:00,0,0
style.css,160,css,dfa602fb,Sophia Vo,2025-04-11,23:10:07,-07:00,2025-04-11T23:10:07-07:00,0,23
style.css,161,css,dfa602fb,Sophia Vo,2025-04-11,23:10:07,-07:00,2025-04-11T23:10:07-07:00,0,16
style.css,162,css,dfa602fb,Sophia Vo,2025-04-11,23:10:07,-07:00,2025-04-11T23:10:07-07:00,0,18
style.css,163,css,dfa602fb,Sophia Vo,2025-04-11,23:10:07,-07:00,2025-04-11T23:10:07-07:00,0,17
style.css,164,css,dfa602fb,Sophia Vo,2025-04-11,23:10:07,-07:00,2025-04-11T23:10:07-07:00,0,0
style.css,165,css,dfa602fb,Sophia Vo,2025-04-11,23:10:07,-07:00,2025-04-11T23:10:07-07:00,0,0
style.css,166,css,dfa602fb,Sophia Vo,2025-04-11,23:10:07,-07:00,2025-04-11T23:10:07-07:00,0,0
style.css,167,css,dfa602fb,Sophia Vo,2025-04-11,23:10:07,-07:00,2025-04-11T23:10:07-07:00,0,0
style.css,168,css,dfa602fb,Sophia Vo,2025-04-11,23:10:07,-07:00,2025-04-11T23:10:07-07:00,0,21
style.css,169,css,dfa602fb,Sophia Vo,2025-04-11,23:10:07,-07:00,2025-04-11T23:10:07-07:00,0,19
style.css,170,css,dfa602fb,Sophia Vo,2025-04-11,23:10:07,-07:00,2025-04-11T23:10:07-07:00,0,0
style.css,171,css,dfa602fb,Sophia Vo,2025-04-11,23:10:07,-07:00,2025-04-11T23:10:07-07:00,0,0
style.css,172,css,dfa602fb,Sophia Vo,2025-04-11,23:10:07,-07:00,2025-04-11T23:10:07-07:00,0,16
style.css,173,css,dfa602fb,Sophia Vo,2025-04-11,23:10:07,-07:00,2025-04-11T23:10:07-07:00,0,44
style.css,174,css,dfa602fb,Sophia Vo,2025-04-11,23:10:07,-07:00,2025-04-11T23:10:07-07:00,0,21
style.css,175,css,dfa602fb,Sophia Vo,2025-04-11,23:10:07,-07:00,2025-04-11T23:10:07-07:00,0,18
style.css,176,css,dfa602fb,Sophia Vo,2025-04-11,23:10:07,-07:00,2025-04-11T23:10:07-07:00,0,17
style.css,177,css,dfa602fb,Sophia Vo,2025-04-11,23:10:07,-07:00,2025-04-11T23:10:07-07:00,0,0
style.css,178,css,dfa602fb,Sophia Vo,2025-04-11,23:10:07,-07:00,2025-04-11T23:10:07-07:00,0,0
style.css,179,css,dfa602fb,Sophia Vo,2025-04-11,23:10:07,-07:00,2025-04-11T23:10:07-07:00,0,16
style.css,180,css,dfa602fb,Sophia Vo,2025-04-11,23:10:07,-07:00,2025-04-11T23:10:07-07:00,0,20
style.css,181,css,dfa602fb,Sophia Vo,2025-04-11,23:10:07,-07:00,2025-04-11T23:10:07-07:00,0,17
style.css,182,css,dfa602fb,Sophia Vo,2025-04-11,23:10:07,-07:00,2025-04-11T23:10:07-07:00,0,0
style.css,183,css,dfa602fb,Sophia Vo,2025-04-11,23:10:07,-07:00,2025-04-11T23:10:07-07:00,0,0
style.css,184,css,dfa602fb,Sophia Vo,2025-04-11,23:10:07,-07:00,2025-04-11T23:10:07-07:00,0,21
style.css,185,css,dfa602fb,Sophia Vo,2025-04-11,23:10:07,-07:00,2025-04-11T23:10:07-07:00,0,20
style.css,186,css,dfa602fb,Sophia Vo,2025-04-11,23:10:07,-07:00,2025-04-11T23:10:07-07:00,0,17
style.css,187,css,dfa602fb,Sophia Vo,2025-04-11,23:10:07,-07:00,2025-04-11T23:10:07-07:00,0,27
style.css,188,css,dfa602fb,Sophia Vo,2025-04-11,23:10:07,-07:00,2025-04-11T23:10:07-07:00,0,0
style.css,189,css,dfa602fb,Sophia Vo,2025-04-11,23:10:07,-07:00,2025-04-11T23:10:07-07:00,0,0
style.css,190,css,dfa602fb,Sophia Vo,2025-04-11,23:10:07,-07:00,2025-04-11T23:10:07-07:00,0,11
style.css,191,css,dfa602fb,Sophia Vo,2025-04-11,23:10:07,-07:00,2025-04-11T23:10:07-07:00,0,16
style.css,192,css,dfa602fb,Sophia Vo,2025-04-11,23:10:07,-07:00,2025-04-11T23:10:07-07:00,0,10
style.css,193,css,dfa602fb,Sophia Vo,2025-04-11,23:10:07,-07:00,2025-04-11T23:10:07-07:00,0,10
style.css,194,css,dfa602fb,Sophia Vo,2025-04-11,23:10:07,-07:00,2025-04-11T23:10:07-07:00,0,8
style.css,195,css,dfa602fb,Sophia Vo,2025-04-11,23:10:07,-07:00,2025-04-11T23:10:07-07:00,0,0
style.css,196,css,dfa602fb,Sophia Vo,2025-04-11,23:10:07,-07:00,2025-04-11T23:10:07-07:00,0,0
style.css,197,css,dfa602fb,Sophia Vo,2025-04-11,23:10:07,-07:00,2025-04-11T23:10:07-07:00,0,11
style.css,198,css,dfa602fb,Sophia Vo,2025-04-11,23:10:07,-07:00,2025-04-11T23:10:07-07:00,0,20
style.css,199,css,dfa602fb,Sophia Vo,2025-04-11,23:10:07,-07:00,2025-04-11T23:10:07-07:00,0,26
style.css,200,css,dfa602fb,Sophia Vo,2025-04-11,23:10:07,-07:00,2025-04-11T23:10:07-07:00,0,0
style.css,201,css,dfa602fb,Sophia Vo,2025-04-11,23:10:07,-07:00,2025-04-11T23:10:07-07:00,0,0
style.css,202,css,dfa602fb,Sophia Vo,2025-04-11,23:10:07,-07:00,2025-04-11T23:10:07-07:00,0,18
style.css,203,css,dfa602fb,Sophia Vo,2025-04-11,23:10:07,-07:00,2025-04-11T23:10:07-07:00,0,16
style.css,204,css,c1977cbe,Sophia Vo,2025-04-18,17:41:28,-07:00,2025-04-18T17:41:28-07:00,0,0
style.css,205,css,c1977cbe,Sophia Vo,2025-04-18,17:41:28,-07:00,2025-04-18T17:41:28-07:00,0,0
style.css,206,css,c1977cbe,Sophia Vo,2025-04-18,17:41:28,-07:00,2025-04-18T17:41:28-07:00,0,7
style.css,207,css,c1977cbe,Sophia Vo,2025-04-18,17:41:28,-07:00,2025-04-18T17:41:28-07:00,0,18
style.css,208,css,c1977cbe,Sophia Vo,2025-04-18,17:41:28,-07:00,2025-04-18T17:41:28-07:00,0,0
style.css,209,css,c1977cbe,Sophia Vo,2025-04-18,17:41:28,-07:00,2025-04-18T17:41:28-07:00,0,0
style.css,210,css,c1977cbe,Sophia Vo,2025-04-18,17:41:28,-07:00,2025-04-18T17:41:28-07:00,0,17
style.css,211,css,c1977cbe,Sophia Vo,2025-04-18,17:41:28,-07:00,2025-04-18T17:41:28-07:00,0,18
style.css,212,css,c1977cbe,Sophia Vo,2025-04-18,17:41:28,-07:00,2025-04-18T17:41:28-07:00,0,9
style.css,213,css,c1977cbe,Sophia Vo,2025-04-18,17:41:28,-07:00,2025-04-18T17:41:28-07:00,0,11
style.css,214,css,c1977cbe,Sophia Vo,2025-04-18,17:41:28,-07:00,2025-04-18T17:41:28-07:00,0,14
style.css,215,css,c1977cbe,Sophia Vo,2025-04-18,17:41:28,-07:00,2025-04-18T17:41:28-07:00,0,3
style.css,216,css,c1977cbe,Sophia Vo,2025-04-18,17:41:28,-07:00,2025-04-18T17:41:28-07:00,0,0
style.css,217,css,c1977cbe,Sophia Vo,2025-04-18,17:41:28,-07:00,2025-04-18T17:41:28-07:00,0,14
style.css,218,css,c1977cbe,Sophia Vo,2025-04-18,17:41:28,-07:00,2025-04-18T17:41:28-07:00,0,15
style.css,219,css,c1977cbe,Sophia Vo,2025-04-18,17:41:28,-07:00,2025-04-18T17:41:28-07:00,0,9
style.css,220,css,c1977cbe,Sophia Vo,2025-04-18,17:41:28,-07:00,2025-04-18T17:41:28-07:00,0,11
style.css,221,css,c1977cbe,Sophia Vo,2025-04-18,17:41:28,-07:00,2025-04-18T17:41:28-07:00,0,14
style.css,222,css,c1977cbe,Sophia Vo,2025-04-18,17:41:28,-07:00,2025-04-18T17:41:28-07:00,0,12
style.css,223,css,c1977cbe,Sophia Vo,2025-04-18,17:41:28,-07:00,2025-04-18T17:41:28-07:00,0,0
style.css,224,css,c1977cbe,Sophia Vo,2025-04-18,17:41:28,-07:00,2025-04-18T17:41:28-07:00,0,0
style.css,225,css,c1977cbe,Sophia Vo,2025-04-18,17:41:28,-07:00,2025-04-18T17:41:28-07:00,0,10
style.css,226,css,c1977cbe,Sophia Vo,2025-04-18,17:41:28,-07:00,2025-04-18T17:41:28-07:00,0,13
style.css,227,css,c1977cbe,Sophia Vo,2025-04-18,17:41:28,-07:00,2025-04-18T17:41:28-07:00,0,11
style.css,228,css,c1977cbe,Sophia Vo,2025-04-18,17:41:28,-07:00,2025-04-18T17:41:28-07:00,0,7
style.css,229,css,c1977cbe,Sophia Vo,2025-04-18,17:41:28,-07:00,2025-04-18T17:41:28-07:00,0,13
style.css,230,css,4c6e07c8,Sophia Vo,2025-04-25,15:57:32,-07:00,2025-04-25T15:57:32-07:00,0,0
style.css,231,css,4c6e07c8,Sophia Vo,2025-04-25,15:57:32,-07:00,2025-04-25T15:57:32-07:00,0,0
style.css,232,css,4c6e07c8,Sophia Vo,2025-04-25,15:57:32,-07:00,2025-04-25T15:57:32-07:00,0,0
style.css,233,css,4c6e07c8,Sophia Vo,2025-04-25,15:57:32,-07:00,2025-04-25T15:57:32-07:00,0,18
style.css,234,css,4c6e07c8,Sophia Vo,2025-04-25,15:57:32,-07:00,2025-04-25T15:57:32-07:00,0,13
style.css,235,css,4c6e07c8,Sophia Vo,2025-04-25,15:57:32,-07:00,2025-04-25T15:57:32-07:00,0,37
style.css,236,css,4c6e07c8,Sophia Vo,2025-04-25,15:57:32,-07:00,2025-04-25T15:57:32-07:00,0,19
style.css,237,css,4c6e07c8,Sophia Vo,2025-04-25,15:57:32,-07:00,2025-04-25T15:57:32-07:00,0,20
style.css,238,css,4c6e07c8,Sophia Vo,2025-04-25,15:57:32,-07:00,2025-04-25T15:57:32-07:00,0,19
style.css,239,css,4c6e07c8,Sophia Vo,2025-04-25,15:57:32,-07:00,2025-04-25T15:57:32-07:00,0,30
style.css,240,css,4c6e07c8,Sophia Vo,2025-04-25,15:57:32,-07:00,2025-04-25T15:57:32-07:00,0,22
style.css,241,css,4c6e07c8,Sophia Vo,2025-04-25,15:57:32,-07:00,2025-04-25T15:57:32-07:00,0,18
style.css,242,css,4c6e07c8,Sophia Vo,2025-04-25,15:57:32,-07:00,2025-04-25T15:57:32-07:00,0,0
style.css,243,css,4c6e07c8,Sophia Vo,2025-04-25,15:57:32,-07:00,2025-04-25T15:57:32-07:00,0,0
style.css,244,css,4c6e07c8,Sophia Vo,2025-04-25,15:57:32,-07:00,2025-04-25T15:57:32-07:00,0,18
style.css,245,css,4c6e07c8,Sophia Vo,2025-04-25,15:57:32,-07:00,2025-04-25T15:57:32-07:00,0,18
style.css,246,css,4c6e07c8,Sophia Vo,2025-04-25,15:57:32,-07:00,2025-04-25T15:57:32-07:00,0,25
style.css,247,css,4c6e07c8,Sophia Vo,2025-04-25,15:57:32,-07:00,2025-04-25T15:57:32-07:00,0,11
style.css,248,css,4c6e07c8,Sophia Vo,2025-04-25,15:57:32,-07:00,2025-04-25T15:57:32-07:00,0,9
style.css,249,css,4c6e07c8,Sophia Vo,2025-04-25,15:57:32,-07:00,2025-04-25T15:57:32-07:00,0,0
style.css,250,css,4c6e07c8,Sophia Vo,2025-04-25,15:57:32,-07:00,2025-04-25T15:57:32-07:00,0,0
style.css,251,css,4c6e07c8,Sophia Vo,2025-04-25,15:57:32,-07:00,2025-04-25T15:57:32-07:00,0,18
style.css,252,css,4c6e07c8,Sophia Vo,2025-04-25,15:57:32,-07:00,2025-04-25T15:57:32-07:00,0,18
style.css,253,css,4c6e07c8,Sophia Vo,2025-04-25,15:57:32,-07:00,2025-04-25T15:57:32-07:00,0,16
style.css,254,css,4c6e07c8,Sophia Vo,2025-04-25,15:57:32,-07:00,2025-04-25T15:57:32-07:00,0,9
style.css,255,css,4c6e07c8,Sophia Vo,2025-04-25,15:57:32,-07:00,2025-04-25T15:57:32-07:00,0,0
style.css,256,css,4c6e07c8,Sophia Vo,2025-04-25,15:57:32,-07:00,2025-04-25T15:57:32-07:00,0,0
style.css,257,css,4c6e07c8,Sophia Vo,2025-04-25,15:57:32,-07:00,2025-04-25T15:57:32-07:00,0,26
style.css,258,css,4c6e07c8,Sophia Vo,2025-04-25,15:57:32,-07:00,2025-04-25T15:57:32-07:00,0,18
style.css,259,css,4c6e07c8,Sophia Vo,2025-04-25,15:57:32,-07:00,2025-04-25T15:57:32-07:00,0,37
style.css,260,css,4c6e07c8,Sophia Vo,2025-04-25,15:57:32,-07:00,2025-04-25T15:57:32-07:00,0,0
style.css,261,css,4c6e07c8,Sophia Vo,2025-04-25,15:57:32,-07:00,2025-04-25T15:57:32-07:00,0,37
style.css,262,css,4c6e07c8,Sophia Vo,2025-04-25,15:57:32,-07:00,2025-04-25T15:57:32-07:00,0,17
style.css,263,css,4c6e07c8,Sophia Vo,2025-04-25,15:57:32,-07:00,2025-04-25T15:57:32-07:00,0,16
style.css,264,css,4c6e07c8,Sophia Vo,2025-04-25,15:57:32,-07:00,2025-04-25T15:57:32-07:00,0,0
style.css,265,css,4c6e07c8,Sophia Vo,2025-04-25,15:57:32,-07:00,2025-04-25T15:57:32-07:00,0,18
style.css,266,css,4c6e07c8,Sophia Vo,2025-04-25,15:57:32,-07:00,2025-04-25T15:57:32-07:00,0,11
style.css,267,css,4c6e07c8,Sophia Vo,2025-04-25,15:57:32,-07:00,2025-04-25T15:57:32-07:00,0,16
style.css,268,css,4c6e07c8,Sophia Vo,2025-04-25,15:57:32,-07:00,2025-04-25T15:57:32-07:00,0,0
style.css,269,css,4c6e07c8,Sophia Vo,2025-04-25,15:57:32,-07:00,2025-04-25T15:57:32-07:00,0,18
style.css,270,css,4c6e07c8,Sophia Vo,2025-04-25,15:57:32,-07:00,2025-04-25T15:57:32-07:00,0,11
style.css,271,css,4c6e07c8,Sophia Vo,2025-04-25,15:57:32,-07:00,2025-04-25T15:57:32-07:00,0,0
style.css,272,css,a1c21081,Sophia Vo,2025-05-02,21:21:27,-07:00,2025-05-02T21:21:27-07:00,0,0
style.css,273,css,a1c21081,Sophia Vo,2025-05-02,21:21:27,-07:00,2025-05-02T21:21:27-07:00,0,0
style.css,274,css,a1c21081,Sophia Vo,2025-05-02,21:21:27,-07:00,2025-05-02T21:21:27-07:00,0,14
style.css,275,css,a1c21081,Sophia Vo,2025-05-02,21:21:27,-07:00,2025-05-02T21:21:27-07:00,0,14
style.css,276,css,a1c21081,Sophia Vo,2025-05-02,21:21:27,-07:00,2025-05-02T21:21:27-07:00,0,11
style.css,277,css,a1c21081,Sophia Vo,2025-05-02,21:21:27,-07:00,2025-05-02T21:21:27-07:00,0,15
style.css,278,css,a1c21081,Sophia Vo,2025-05-02,21:21:27,-07:00,2025-05-02T21:21:27-07:00,0,57
style.css,279,css,a1c21081,Sophia Vo,2025-05-02,21:21:27,-07:00,2025-05-02T21:21:27-07:00,0,35
style.css,280,css,a1c21081,Sophia Vo,2025-05-02,21:21:27,-07:00,2025-05-02T21:21:27-07:00,0,0
style.css,281,css,a1c21081,Sophia Vo,2025-05-02,21:21:27,-07:00,2025-05-02T21:21:27-07:00,0,0
style.css,282,css,a1c21081,Sophia Vo,2025-05-02,21:21:27,-07:00,2025-05-02T21:21:27-07:00,0,17
style.css,283,css,a1c21081,Sophia Vo,2025-05-02,21:21:27,-07:00,2025-05-02T21:21:27-07:00,0,15
style.css,284,css,a1c21081,Sophia Vo,2025-05-02,21:21:27,-07:00,2025-05-02T21:21:27-07:00,0,0
style.css,285,css,a1c21081,Sophia Vo,2025-05-02,21:21:27,-07:00,2025-05-02T21:21:27-07:00,0,0
style.css,286,css,a1c21081,Sophia Vo,2025-05-02,21:21:27,-07:00,2025-05-02T21:21:27-07:00,0,33
style.css,287,css,a1c21081,Sophia Vo,2025-05-02,21:21:27,-07:00,2025-05-02T21:21:27-07:00,0,16
style.css,288,css,a1c21081,Sophia Vo,2025-05-02,21:21:27,-07:00,2025-05-02T21:21:27-07:00,0,17
style.css,289,css,a1c21081,Sophia Vo,2025-05-02,21:21:27,-07:00,2025-05-02T21:21:27-07:00,0,0
style.css,290,css,a1c21081,Sophia Vo,2025-05-02,21:21:27,-07:00,2025-05-02T21:21:27-07:00,0,0
style.css,291,css,a1c21081,Sophia Vo,2025-05-02,21:21:27,-07:00,2025-05-02T21:21:27-07:00,0,17
style.css,292,css,a1c21081,Sophia Vo,2025-05-02,21:21:27,-07:00,2025-05-02T21:21:27-07:00,0,13
style.css,293,css,a1c21081,Sophia Vo,2025-05-02,21:21:27,-07:00,2025-05-02T21:21:27-07:00,0,8
style.css,294,css,a1c21081,Sophia Vo,2025-05-02,21:21:27,-07:00,2025-05-02T21:21:27-07:00,0,19
style.css,295,css,a1c21081,Sophia Vo,2025-05-02,21:21:27,-07:00,2025-05-02T21:21:27-07:00,0,17
style.css,296,css,a1c21081,Sophia Vo,2025-05-02,21:21:27,-07:00,2025-05-02T21:21:27-07:00,0,0
style.css,297,css,a1c21081,Sophia Vo,2025-05-02,21:21:27,-07:00,2025-05-02T21:21:27-07:00,0,0
style.css,298,css,a1c21081,Sophia Vo,2025-05-02,21:21:27,-07:00,2025-05-02T21:21:27-07:00,0,19
style.css,299,css,a1c21081,Sophia Vo,2025-05-02,21:21:27,-07:00,2025-05-02T21:21:27-07:00,0,15
style.css,300,css,a1c21081,Sophia Vo,2025-05-02,21:21:27,-07:00,2025-05-02T21:21:27-07:00,0,17
style.css,301,css,a1c21081,Sophia Vo,2025-05-02,21:21:27,-07:00,2025-05-02T21:21:27-07:00,0,0
style.css,302,css,a1c21081,Sophia Vo,2025-05-02,21:21:27,-07:00,2025-05-02T21:21:27-07:00,0,0
style.css,303,css,a1c21081,Sophia Vo,2025-05-02,21:21:27,-07:00,2025-05-02T21:21:27-07:00,0,27
style.css,304,css,a1c21081,Sophia Vo,2025-05-02,21:21:27,-07:00,2025-05-02T21:21:27-07:00,0,11
style.css,305,css,a1c21081,Sophia Vo,2025-05-02,21:21:27,-07:00,2025-05-02T21:21:27-07:00,0,13
style.css,306,css,a1c21081,Sophia Vo,2025-05-02,21:21:27,-07:00,2025-05-02T21:21:27-07:00,0,58
style.css,307,css,a1c21081,Sophia Vo,2025-05-02,21:21:27,-07:00,2025-05-02T21:21:27-07:00,0,14
style.css,308,css,a1c21081,Sophia Vo,2025-05-02,21:21:27,-07:00,2025-05-02T21:21:27-07:00,0,16
style.css,309,css,a1c21081,Sophia Vo,2025-05-02,21:21:27,-07:00,2025-05-02T21:21:27-07:00,0,14
style.css,310,css,a1c21081,Sophia Vo,2025-05-02,21:21:27,-07:00,2025-05-02T21:21:27-07:00,0,22
style.css,311,css,a1c21081,Sophia Vo,2025-05-02,21:21:27,-07:00,2025-05-02T21:21:27-07:00,0,18
style.css,312,css,a1c21081,Sophia Vo,2025-05-02,21:21:27,-07:00,2025-05-02T21:21:27-07:00,0,3
style.css,313,css,a1c21081,Sophia Vo,2025-05-02,21:21:27,-07:00,2025-05-02T21:21:27-07:00,0,8
style.css,314,css,a1c21081,Sophia Vo,2025-05-02,21:21:27,-07:00,2025-05-02T21:21:27-07:00,0,7
style.css,315,css,a1c21081,Sophia Vo,2025-05-02,21:21:27,-07:00,2025-05-02T21:21:27-07:00,0,12
style.css,316,css,a1c21081,Sophia Vo,2025-05-02,21:21:27,-07:00,2025-05-02T21:21:27-07:00,0,13
style.css,317,css,a1c21081,Sophia Vo,2025-05-02,21:21:27,-07:00,2025-05-02T21:21:27-07:00,0,57
style.css,318,css,a1c21081,Sophia Vo,2025-05-02,21:21:27,-07:00,2025-05-02T21:21:27-07:00,0,14
style.css,319,css,a1c21081,Sophia Vo,2025-05-02,21:21:27,-07:00,2025-05-02T21:21:27-07:00,0,14
style.css,320,css,a1c21081,Sophia Vo,2025-05-02,21:21:27,-07:00,2025-05-02T21:21:27-07:00,0,22
style.css,321,css,a1c21081,Sophia Vo,2025-05-02,21:21:27,-07:00,2025-05-02T21:21:27-07:00,0,18
style.css,322,css,a1c21081,Sophia Vo,2025-05-02,21:21:27,-07:00,2025-05-02T21:21:27-07:00,0,0
style.css,323,css,a1c21081,Sophia Vo,2025-05-02,21:21:27,-07:00,2025-05-02T21:21:27-07:00,0,0
style.css,324,css,a1c21081,Sophia Vo,2025-05-02,21:21:27,-07:00,2025-05-02T21:21:27-07:00,0,0
style.css,325,css,a1c21081,Sophia Vo,2025-05-02,21:21:27,-07:00,2025-05-02T21:21:27-07:00,0,29
style.css,326,css,a1c21081,Sophia Vo,2025-05-02,21:21:27,-07:00,2025-05-02T21:21:27-07:00,0,11
style.css,327,css,a1c21081,Sophia Vo,2025-05-02,21:21:27,-07:00,2025-05-02T21:21:27-07:00,0,16
style.css,328,css,a1c21081,Sophia Vo,2025-05-02,21:21:27,-07:00,2025-05-02T21:21:27-07:00,0,16
style.css,329,css,a1c21081,Sophia Vo,2025-05-02,21:21:27,-07:00,2025-05-02T21:21:27-07:00,0,22
style.css,330,css,a1c21081,Sophia Vo,2025-05-02,21:21:27,-07:00,2025-05-02T21:21:27-07:00,0,0
style.css,331,css,a1c21081,Sophia Vo,2025-05-02,21:21:27,-07:00,2025-05-02T21:21:27-07:00,0,0
style.css,332,css,a1c21081,Sophia Vo,2025-05-02,21:21:27,-07:00,2025-05-02T21:21:27-07:00,0,0
style.css,333,css,a1c21081,Sophia Vo,2025-05-02,21:21:27,-07:00,2025-05-02T21:21:27-07:00,0,11
style.css,334,css,a1c21081,Sophia Vo,2025-05-02,21:21:27,-07:00,2025-05-02T21:21:27-07:00,0,13
style.css,335,css,a1c21081,Sophia Vo,2025-05-02,21:21:27,-07:00,2025-05-02T21:21:27-07:00,0,19
style.css,336,css,a1c21081,Sophia Vo,2025-05-02,21:21:27,-07:00,2025-05-02T21:21:27-07:00,0,10
style.css,337,css,a1c21081,Sophia Vo,2025-05-02,21:21:27,-07:00,2025-05-02T21:21:27-07:00,0,0
style.css,338,css,a1c21081,Sophia Vo,2025-05-02,21:21:27,-07:00,2025-05-02T21:21:27-07:00,0,0
style.css,339,css,a1c21081,Sophia Vo,2025-05-02,21:21:27,-07:00,2025-05-02T21:21:27-07:00,0,16
style.css,340,css,a1c21081,Sophia Vo,2025-05-02,21:21:27,-07:00,2025-05-02T21:21:27-07:00,0,21
style.css,341,css,a1c21081,Sophia Vo,2025-05-02,21:21:27,-07:00,2025-05-02T21:21:27-07:00,0,10
style.css,342,css,a1c21081,Sophia Vo,2025-05-02,21:21:27,-07:00,2025-05-02T21:21:27-07:00,0,17
style.css,343,css,a1c21081,Sophia Vo,2025-05-02,21:21:27,-07:00,2025-05-02T21:21:27-07:00,0,30
style.css,344,css,a1c21081,Sophia Vo,2025-05-02,21:21:27,-07:00,2025-05-02T21:21:27-07:00,0,18
style.css,345,css,a1c21081,Sophia Vo,2025-05-02,21:21:27,-07:00,2025-05-02T21:21:27-07:00,0,0
style.css,346,css,a1c21081,Sophia Vo,2025-05-02,21:21:27,-07:00,2025-05-02T21:21:27-07:00,0,0
style.css,347,css,a1c21081,Sophia Vo,2025-05-02,21:21:27,-07:00,2025-05-02T21:21:27-07:00,0,0
style.css,348,css,a1c21081,Sophia Vo,2025-05-02,21:21:27,-07:00,2025-05-02T21:21:27-07:00,0,24
style.css,349,css,a1c21081,Sophia Vo,2025-05-02,21:21:27,-07:00,2025-05-02T21:21:27-07:00,0,25
style.css,350,css,a1c21081,Sophia Vo,2025-05-02,21:21:27,-07:00,2025-05-02T21:21:27-07:00,0,15
style.css,351,css,a1c21081,Sophia Vo,2025-05-02,21:21:27,-07:00,2025-05-02T21:21:27-07:00,0,0
style.css,352,css,a1c21081,Sophia Vo,2025-05-02,21:21:27,-07:00,2025-05-02T21:21:27-07:00,0,0
style.css,353,css,a1c21081,Sophia Vo,2025-05-02,21:21:27,-07:00,2025-05-02T21:21:27-07:00,0,52
style.css,354,css,a1c21081,Sophia Vo,2025-05-02,21:21:27,-07:00,2025-05-02T21:21:27-07:00,0,12
style.css,355,css,a1c21081,Sophia Vo,2025-05-02,21:21:27,-07:00,2025-05-02T21:21:27-07:00,0,0
style.css,356,css,a1c21081,Sophia Vo,2025-05-02,21:21:27,-07:00,2025-05-02T21:21:27-07:00,0,0
style.css,357,css,a1c21081,Sophia Vo,2025-05-02,21:21:27,-07:00,2025-05-02T21:21:27-07:00,0,33
style.css,358,css,a1c21081,Sophia Vo,2025-05-02,21:21:27,-07:00,2025-05-02T21:21:27-07:00,0,34
style.css,359,css,a1c21081,Sophia Vo,2025-05-02,21:21:27,-07:00,2025-05-02T21:21:27-07:00,0,0
style.css,360,css,a1c21081,Sophia Vo,2025-05-02,21:21:27,-07:00,2025-05-02T21:21:27-07:00,0,0
style.css,361,css,a1c21081,Sophia Vo,2025-05-02,21:21:27,-07:00,2025-05-02T21:21:27-07:00,0,28
style.css,362,css,a1c21081,Sophia Vo,2025-05-02,21:21:27,-07:00,2025-05-02T21:21:27-07:00,0,46
style.css,363,css,a1c21081,Sophia Vo,2025-05-02,21:21:27,-07:00,2025-05-02T21:21:27-07:00,0,0
style.css,364,css,a1c21081,Sophia Vo,2025-05-02,21:21:27,-07:00,2025-05-02T21:21:27-07:00,0,0
style.css,365,css,a1c21081,Sophia Vo,2025-05-02,21:21:27,-07:00,2025-05-02T21:21:27-07:00,0,11
style.css,366,css,a1c21081,Sophia Vo,2025-05-02,21:21:27,-07:00,2025-05-02T21:21:27-07:00,0,14
style.css,367,css,a1c21081,Sophia Vo,2025-05-02,21:21:27,-07:00,2025-05-02T21:21:27-07:00,0,11
style.css,368,css,a1c21081,Sophia Vo,2025-05-02,21:21:27,-07:00,2025-05-02T21:21:27-07:00,0,15
style.css,369,css,a1c21081,Sophia Vo,2025-05-02,21:21:27,-07:00,2025-05-02T21:21:27-07:00,0,15
style.css,370,css,a1c21081,Sophia Vo,2025-05-02,21:21:27,-07:00,2025-05-02T21:21:27-07:00,0,18
style.css,371,css,a1c21081,Sophia Vo,2025-05-02,21:21:27,-07:00,2025-05-02T21:21:27-07:00,0,15
style.css,372,css,a1c21081,Sophia Vo,2025-05-02,21:21:27,-07:00,2025-05-02T21:21:27-07:00,0,37
style.css,373,css,a1c21081,Sophia Vo,2025-05-02,21:21:27,-07:00,2025-05-02T21:21:27-07:00,0,20
style.css,374,css,a1c21081,Sophia Vo,2025-05-02,21:21:27,-07:00,2025-05-02T21:21:27-07:00,0,37
style.css,375,css,a1c21081,Sophia Vo,2025-05-02,21:21:27,-07:00,2025-05-02T21:21:27-07:00,0,22
style.css,376,css,a1c21081,Sophia Vo,2025-05-02,21:21:27,-07:00,2025-05-02T21:21:27-07:00,0,48
style.css,377,css,a1c21081,Sophia Vo,2025-05-02,21:21:27,-07:00,2025-05-02T21:21:27-07:00,0,24
style.css,378,css,a1c21081,Sophia Vo,2025-05-02,21:21:27,-07:00,2025-05-02T21:21:27-07:00,0,0
style.css,379,css,a1c21081,Sophia Vo,2025-05-02,21:21:27,-07:00,2025-05-02T21:21:27-07:00,0,0
style.css,380,css,a1c21081,Sophia Vo,2025-05-02,21:21:27,-07:00,2025-05-02T21:21:27-07:00,0,17
style.css,381,css,a1c21081,Sophia Vo,2025-05-02,21:21:27,-07:00,2025-05-02T21:21:27-07:00,0,13
style.css,382,css,a1c21081,Sophia Vo,2025-05-02,21:21:27,-07:00,2025-05-02T21:21:27-07:00,0,70
style.css,383,css,a1c21081,Sophia Vo,2025-05-02,21:21:27,-07:00,2025-05-02T21:21:27-07:00,0,68
style.css,384,css,a1c21081,Sophia Vo,2025-05-02,21:21:27,-07:00,2025-05-02T21:21:27-07:00,0,0
style.css,385,css,a1c21081,Sophia Vo,2025-05-02,21:21:27,-07:00,2025-05-02T21:21:27-07:00,0,0
style.css,386,css,a1c21081,Sophia Vo,2025-05-02,21:21:27,-07:00,2025-05-02T21:21:27-07:00,0,12
style.css,387,css,a1c21081,Sophia Vo,2025-05-02,21:21:27,-07:00,2025-05-02T21:21:27-07:00,0,15
style.css,388,css,a1c21081,Sophia Vo,2025-05-02,21:21:27,-07:00,2025-05-02T21:21:27-07:00,0,16
style.css,389,css,a1c21081,Sophia Vo,2025-05-02,21:21:27,-07:00,2025-05-02T21:21:27-07:00,0,18
style.css,390,css,a1c21081,Sophia Vo,2025-05-02,21:21:27,-07:00,2025-05-02T21:21:27-07:00,0,13
style.css,391,css,a1c21081,Sophia Vo,2025-05-02,21:21:27,-07:00,2025-05-02T21:21:27-07:00,0,0
style.css,392,css,a1c21081,Sophia Vo,2025-05-02,21:21:27,-07:00,2025-05-02T21:21:27-07:00,0,0
style.css,393,css,a1c21081,Sophia Vo,2025-05-02,21:21:27,-07:00,2025-05-02T21:21:27-07:00,0,17
style.css,394,css,a1c21081,Sophia Vo,2025-05-02,21:21:27,-07:00,2025-05-02T21:21:27-07:00,0,0
style.css,395,css,a1c21081,Sophia Vo,2025-05-02,21:21:27,-07:00,2025-05-02T21:21:27-07:00,0,0
style.css,396,css,a1c21081,Sophia Vo,2025-05-02,21:21:27,-07:00,2025-05-02T21:21:27-07:00,0,23
style.css,397,css,a1c21081,Sophia Vo,2025-05-02,21:21:27,-07:00,2025-05-02T21:21:27-07:00,0,15
style.css,398,css,a1c21081,Sophia Vo,2025-05-02,21:21:27,-07:00,2025-05-02T21:21:27-07:00,0,24
style.css,399,css,dfa602fb,Sophia Vo,2025-04-11,23:10:07,-07:00,2025-04-11T23:10:07-07:00,0,0
index.js,1,js,4c6e07c8,Sophia Vo,2025-04-25,15:57:32,-07:00,2025-04-25T15:57:32-07:00,0,72
index.js,2,js,4c6e07c8,Sophia Vo,2025-04-25,15:57:32,-07:00,2025-04-25T15:57:32-07:00,0,0
index.js,3,js,4c6e07c8,Sophia Vo,2025-04-25,15:57:32,-07:00,2025-04-25T15:57:32-07:00,0,55
index.js,4,js,4c6e07c8,Sophia Vo,2025-04-25,15:57:32,-07:00,2025-04-25T15:57:32-07:00,0,43
index.js,5,js,4c6e07c8,Sophia Vo,2025-04-25,15:57:32,-07:00,2025-04-25T15:57:32-07:00,0,0
index.js,6,js,4c6e07c8,Sophia Vo,2025-04-25,15:57:32,-07:00,2025-04-25T15:57:32-07:00,0,61
index.js,7,js,4c6e07c8,Sophia Vo,2025-04-25,15:57:32,-07:00,2025-04-25T15:57:32-07:00,0,0
index.js,8,js,4c6e07c8,Sophia Vo,2025-04-25,15:57:32,-07:00,2025-04-25T15:57:32-07:00,0,55
index.js,9,js,4c6e07c8,Sophia Vo,2025-04-25,15:57:32,-07:00,2025-04-25T15:57:32-07:00,0,0
index.js,10,js,4c6e07c8,Sophia Vo,2025-04-25,15:57:32,-07:00,2025-04-25T15:57:32-07:00,0,53
index.js,11,js,4c6e07c8,Sophia Vo,2025-04-25,15:57:32,-07:00,2025-04-25T15:57:32-07:00,0,0
index.js,12,js,4c6e07c8,Sophia Vo,2025-04-25,15:57:32,-07:00,2025-04-25T15:57:32-07:00,0,61
index.js,13,js,4c6e07c8,Sophia Vo,2025-04-25,15:57:32,-07:00,2025-04-25T15:57:32-07:00,0,0
index.js,14,js,4c6e07c8,Sophia Vo,2025-04-25,15:57:32,-07:00,2025-04-25T15:57:32-07:00,0,18
index.js,15,js,4c6e07c8,Sophia Vo,2025-04-25,15:57:32,-07:00,2025-04-25T15:57:32-07:00,0,25
index.js,16,js,4c6e07c8,Sophia Vo,2025-04-25,15:57:32,-07:00,2025-04-25T15:57:32-07:00,0,3
index.js,17,js,4c6e07c8,Sophia Vo,2025-04-25,15:57:32,-07:00,2025-04-25T15:57:32-07:00,0,50
index.js,18,js,4c6e07c8,Sophia Vo,2025-04-25,15:57:32,-07:00,2025-04-25T15:57:32-07:00,0,50
index.js,19,js,4c6e07c8,Sophia Vo,2025-04-25,15:57:32,-07:00,2025-04-25T15:57:32-07:00,0,56
index.js,20,js,4c6e07c8,Sophia Vo,2025-04-25,15:57:32,-07:00,2025-04-25T15:57:32-07:00,0,56
index.js,21,js,4c6e07c8,Sophia Vo,2025-04-25,15:57:32,-07:00,2025-04-25T15:57:32-07:00,0,4
index.js,22,js,4c6e07c8,Sophia Vo,2025-04-25,15:57:32,-07:00,2025-04-25T15:57:32-07:00,0,1
index.js,23,js,4c6e07c8,Sophia Vo,2025-04-25,15:57:32,-07:00,2025-04-25T15:57:32-07:00,0,0
index.js,24,js,4c6e07c8,Sophia Vo,2025-04-25,15:57:32,-07:00,2025-04-25T15:57:32-07:00,0,0
index.html,1,html,2fa9ff9c,Sophia Vo,2025-04-04,20:23:04,-07:00,2025-04-04T20:23:04-07:00,0,14
index.html,2,html,2fa9ff9c,Sophia Vo,2025-04-04,20:23:04,-07:00,2025-04-04T20:23:04-07:00,0,15
index.html,3,html,2fa9ff9c,Sophia Vo,2025-04-04,20:23:04,-07:00,2025-04-04T20:23:04-07:00,0,5
index.html,4,html,2fa9ff9c,Sophia Vo,2025-04-04,20:23:04,-07:00,2025-04-04T20:23:04-07:00,0,21
index.html,5,html,2fa9ff9c,Sophia Vo,2025-04-04,20:23:04,-07:00,2025-04-04T20:23:04-07:00,0,69
index.html,6,html,2fa9ff9c,Sophia Vo,2025-04-04,20:23:04,-07:00,2025-04-04T20:23:04-07:00,0,52
index.html,7,html,f703df5b,Sophia Vo,2025-04-04,22:12:15,-07:00,2025-04-04T22:12:15-07:00,0,39
index.html,8,html,c1977cbe,Sophia Vo,2025-04-18,17:41:28,-07:00,2025-04-18T17:41:28-07:00,0,46
index.html,9,html,2fa9ff9c,Sophia Vo,2025-04-04,20:23:04,-07:00,2025-04-04T20:23:04-07:00,0,6
index.html,10,html,2fa9ff9c,Sophia Vo,2025-04-04,20:23:04,-07:00,2025-04-04T20:23:04-07:00,0,5
index.html,11,html,c1977cbe,Sophia Vo,2025-04-18,17:41:28,-07:00,2025-04-18T17:41:28-07:00,0,9
index.html,12,html,f703df5b,Sophia Vo,2025-04-04,22:12:15,-07:00,2025-04-04T22:12:15-07:00,0,3
index.html,13,html,dfa602fb,Sophia Vo,2025-04-11,23:10:07,-07:00,2025-04-11T23:10:07-07:00,0,53
index.html,14,html,f703df5b,Sophia Vo,2025-04-04,22:12:15,-07:00,2025-04-04T22:12:15-07:00,0,50
index.html,15,html,f703df5b,Sophia Vo,2025-04-04,22:12:15,-07:00,2025-04-04T22:12:15-07:00,0,48
index.html,16,html,f703df5b,Sophia Vo,2025-04-04,22:12:15,-07:00,2025-04-04T22:12:15-07:00,0,46
index.html,17,html,f703df5b,Sophia Vo,2025-04-04,22:12:15,-07:00,2025-04-04T22:12:15-07:00,0,73
index.html,18,html,f703df5b,Sophia Vo,2025-04-04,22:12:15,-07:00,2025-04-04T22:12:15-07:00,0,4
index.html,19,html,c1977cbe,Sophia Vo,2025-04-18,17:41:28,-07:00,2025-04-18T17:41:28-07:00,0,9
index.html,20,html,2fa9ff9c,Sophia Vo,2025-04-04,20:23:04,-07:00,2025-04-04T20:23:04-07:00,0,17
index.html,21,html,2fa9ff9c,Sophia Vo,2025-04-04,20:23:04,-07:00,2025-04-04T20:23:04-07:00,0,49
index.html,22,html,dfa602fb,Sophia Vo,2025-04-11,23:10:07,-07:00,2025-04-11T23:10:07-07:00,0,99
index.html,23,html,4c6e07c8,Sophia Vo,2025-04-25,15:57:32,-07:00,2025-04-25T15:57:32-07:00,0,0
index.html,24,html,4c6e07c8,Sophia Vo,2025-04-25,15:57:32,-07:00,2025-04-25T15:57:32-07:00,0,27
index.html,25,html,4c6e07c8,Sophia Vo,2025-04-25,15:57:32,-07:00,2025-04-25T15:57:32-07:00,0,23
index.html,26,html,4c6e07c8,Sophia Vo,2025-04-25,15:57:32,-07:00,2025-04-25T15:57:32-07:00,0,21
index.html,27,html,4c6e07c8,Sophia Vo,2025-04-25,15:57:32,-07:00,2025-04-25T15:57:32-07:00,0,5
index.html,28,html,4c6e07c8,Sophia Vo,2025-04-25,15:57:32,-07:00,2025-04-25T15:57:32-07:00,0,9
index.html,29,html,4c6e07c8,Sophia Vo,2025-04-25,15:57:32,-07:00,2025-04-25T15:57:32-07:00,0,0
index.html,30,html,4c6e07c8,Sophia Vo,2025-04-25,15:57:32,-07:00,2025-04-25T15:57:32-07:00,0,0
index.html,31,html,4c6e07c8,Sophia Vo,2025-04-25,15:57:32,-07:00,2025-04-25T15:57:32-07:00,0,25
index.html,32,html,4c6e07c8,Sophia Vo,2025-04-25,15:57:32,-07:00,2025-04-25T15:57:32-07:00,0,20
index.html,33,html,4c6e07c8,Sophia Vo,2025-04-25,15:57:32,-07:00,2025-04-25T15:57:32-07:00,0,23
index.html,34,html,4c6e07c8,Sophia Vo,2025-04-25,15:57:32,-07:00,2025-04-25T15:57:32-07:00,0,5
index.html,35,html,4c6e07c8,Sophia Vo,2025-04-25,15:57:32,-07:00,2025-04-25T15:57:32-07:00,0,9
index.html,36,html,4c6e07c8,Sophia Vo,2025-04-25,15:57:32,-07:00,2025-04-25T15:57:32-07:00,0,46
index.html,37,html,4c6e07c8,Sophia Vo,2025-04-25,15:57:32,-07:00,2025-04-25T15:57:32-07:00,0,45
index.html,38,html,2fa9ff9c,Sophia Vo,2025-04-04,20:23:04,-07:00,2025-04-04T20:23:04-07:00,0,6
index.html,39,html,2fa9ff9c,Sophia Vo,2025-04-04,20:23:04,-07:00,2025-04-04T20:23:04-07:00,0,6
global.js,1,js,c1977cbe,Sophia Vo,2025-04-18,17:41:28,-07:00,2025-04-18T17:41:28-07:00,0,26
global.js,2,js,c1977cbe,Sophia Vo,2025-04-18,17:41:28,-07:00,2025-04-18T17:41:28-07:00,0,0
global.js,3,js,c1977cbe,Sophia Vo,2025-04-18,17:41:28,-07:00,2025-04-18T17:41:28-07:00,0,42
global.js,4,js,c1977cbe,Sophia Vo,2025-04-18,17:41:28,-07:00,2025-04-18T17:41:28-07:00,0,53
global.js,5,js,c1977cbe,Sophia Vo,2025-04-18,17:41:28,-07:00,2025-04-18T17:41:28-07:00,0,0
global.js,6,js,c1977cbe,Sophia Vo,2025-04-18,17:41:28,-07:00,2025-04-18T17:41:28-07:00,0,0
global.js,7,js,c1977cbe,Sophia Vo,2025-04-18,17:41:28,-07:00,2025-04-18T17:41:28-07:00,0,14
global.js,8,js,c1977cbe,Sophia Vo,2025-04-18,17:41:28,-07:00,2025-04-18T17:41:28-07:00,0,26
global.js,9,js,c1977cbe,Sophia Vo,2025-04-18,17:41:28,-07:00,2025-04-18T17:41:28-07:00,0,39
global.js,10,js,c1977cbe,Sophia Vo,2025-04-18,17:41:28,-07:00,2025-04-18T17:41:28-07:00,0,37
global.js,11,js,c1977cbe,Sophia Vo,2025-04-18,17:41:28,-07:00,2025-04-18T17:41:28-07:00,0,35
global.js,12,js,c1977cbe,Sophia Vo,2025-04-18,17:41:28,-07:00,2025-04-18T17:41:28-07:00,0,55
global.js,13,js,c1977cbe,Sophia Vo,2025-04-18,17:41:28,-07:00,2025-04-18T17:41:28-07:00,0,1
global.js,14,js,c1977cbe,Sophia Vo,2025-04-18,17:41:28,-07:00,2025-04-18T17:41:28-07:00,0,0
global.js,15,js,c1977cbe,Sophia Vo,2025-04-18,17:41:28,-07:00,2025-04-18T17:41:28-07:00,0,0
global.js,16,js,c1977cbe,Sophia Vo,2025-04-18,17:41:28,-07:00,2025-04-18T17:41:28-07:00,0,29
global.js,17,js,c1977cbe,Sophia Vo,2025-04-18,17:41:28,-07:00,2025-04-18T17:41:28-07:00,0,89
global.js,18,js,c1977cbe,Sophia Vo,2025-04-18,17:41:28,-07:00,2025-04-18T17:41:28-07:00,0,4
global.js,19,js,c1977cbe,Sophia Vo,2025-04-18,17:41:28,-07:00,2025-04-18T17:41:28-07:00,0,18
global.js,20,js,c1977cbe,Sophia Vo,2025-04-18,17:41:28,-07:00,2025-04-18T17:41:28-07:00,0,0
global.js,21,js,c1977cbe,Sophia Vo,2025-04-18,17:41:28,-07:00,2025-04-18T17:41:28-07:00,0,41
global.js,22,js,c1977cbe,Sophia Vo,2025-04-18,17:41:28,-07:00,2025-04-18T17:41:28-07:00,0,26
global.js,23,js,c1977cbe,Sophia Vo,2025-04-18,17:41:28,-07:00,2025-04-18T17:41:28-07:00,0,0
global.js,24,js,c1977cbe,Sophia Vo,2025-04-18,17:41:28,-07:00,2025-04-18T17:41:28-07:00,0,39
global.js,25,js,c1977cbe,Sophia Vo,2025-04-18,17:41:28,-07:00,2025-04-18T17:41:28-07:00,0,14
global.js,26,js,c1977cbe,Sophia Vo,2025-04-18,17:41:28,-07:00,2025-04-18T17:41:28-07:00,0,0
global.js,27,js,c1977cbe,Sophia Vo,2025-04-18,17:41:28,-07:00,2025-04-18T17:41:28-07:00,0,23
global.js,28,js,c1977cbe,Sophia Vo,2025-04-18,17:41:28,-07:00,2025-04-18T17:41:28-07:00,0,15
global.js,29,js,c1977cbe,Sophia Vo,2025-04-18,17:41:28,-07:00,2025-04-18T17:41:28-07:00,0,21
global.js,30,js,c1977cbe,Sophia Vo,2025-04-18,17:41:28,-07:00,2025-04-18T17:41:28-07:00,0,42
global.js,31,js,c1977cbe,Sophia Vo,2025-04-18,17:41:28,-07:00,2025-04-18T17:41:28-07:00,0,0
global.js,32,js,c1977cbe,Sophia Vo,2025-04-18,17:41:28,-07:00,2025-04-18T17:41:28-07:00,0,16
global.js,33,js,c1977cbe,Sophia Vo,2025-04-18,17:41:28,-07:00,2025-04-18T17:41:28-07:00,0,21
global.js,34,js,c1977cbe,Sophia Vo,2025-04-18,17:41:28,-07:00,2025-04-18T17:41:28-07:00,0,0
global.js,35,js,c1977cbe,Sophia Vo,2025-04-18,17:41:28,-07:00,2025-04-18T17:41:28-07:00,0,0
global.js,36,js,c1977cbe,Sophia Vo,2025-04-18,17:41:28,-07:00,2025-04-18T17:41:28-07:00,0,39
global.js,37,js,c1977cbe,Sophia Vo,2025-04-18,17:41:28,-07:00,2025-04-18T17:41:28-07:00,0,37
global.js,38,js,c1977cbe,Sophia Vo,2025-04-18,17:41:28,-07:00,2025-04-18T17:41:28-07:00,0,12
global.js,39,js,c1977cbe,Sophia Vo,2025-04-18,17:41:28,-07:00,2025-04-18T17:41:28-07:00,0,21
global.js,40,js,c1977cbe,Sophia Vo,2025-04-18,17:41:28,-07:00,2025-04-18T17:41:28-07:00,0,0
global.js,41,js,c1977cbe,Sophia Vo,2025-04-18,17:41:28,-07:00,2025-04-18T17:41:28-07:00,0,97
global.js,42,js,c1977cbe,Sophia Vo,2025-04-18,17:41:28,-07:00,2025-04-18T17:41:28-07:00,0,73
global.js,43,js,c1977cbe,Sophia Vo,2025-04-18,17:41:28,-07:00,2025-04-18T17:41:28-07:00,0,72
global.js,44,js,c1977cbe,Sophia Vo,2025-04-18,17:41:28,-07:00,2025-04-18T17:41:28-07:00,0,131
global.js,45,js,c1977cbe,Sophia Vo,2025-04-18,17:41:28,-07:00,2025-04-18T17:41:28-07:00,0,26
global.js,46,js,c1977cbe,Sophia Vo,2025-04-18,17:41:28,-07:00,2025-04-18T17:41:28-07:00,0,22
global.js,47,js,c1977cbe,Sophia Vo,2025-04-18,17:41:28,-07:00,2025-04-18T17:41:28-07:00,0,26
global.js,48,js,c1977cbe,Sophia Vo,2025-04-18,17:41:28,-07:00,2025-04-18T17:41:28-07:00,0,0
global.js,49,js,c1977cbe,Sophia Vo,2025-04-18,17:41:28,-07:00,2025-04-18T17:41:28-07:00,0,0
global.js,50,js,c1977cbe,Sophia Vo,2025-04-18,17:41:28,-07:00,2025-04-18T17:41:28-07:00,0,0
global.js,51,js,c1977cbe,Sophia Vo,2025-04-18,17:41:28,-07:00,2025-04-18T17:41:28-07:00,0,43
global.js,52,js,c1977cbe,Sophia Vo,2025-04-18,17:41:28,-07:00,2025-04-18T17:41:28-07:00,0,16
global.js,53,js,c1977cbe,Sophia Vo,2025-04-18,17:41:28,-07:00,2025-04-18T17:41:28-07:00,0,19
global.js,54,js,c1977cbe,Sophia Vo,2025-04-18,17:41:28,-07:00,2025-04-18T17:41:28-07:00,0,0
global.js,55,js,c1977cbe,Sophia Vo,2025-04-18,17:41:28,-07:00,2025-04-18T17:41:28-07:00,0,0
global.js,56,js,c1977cbe,Sophia Vo,2025-04-18,17:41:28,-07:00,2025-04-18T17:41:28-07:00,0,12
global.js,57,js,c1977cbe,Sophia Vo,2025-04-18,17:41:28,-07:00,2025-04-18T17:41:28-07:00,0,13
global.js,58,js,c1977cbe,Sophia Vo,2025-04-18,17:41:28,-07:00,2025-04-18T17:41:28-07:00,0,0
global.js,59,js,c1977cbe,Sophia Vo,2025-04-18,17:41:28,-07:00,2025-04-18T17:41:28-07:00,0,0
global.js,60,js,c1977cbe,Sophia Vo,2025-04-18,17:41:28,-07:00,2025-04-18T17:41:28-07:00,0,32
global.js,61,js,c1977cbe,Sophia Vo,2025-04-18,17:41:28,-07:00,2025-04-18T17:41:28-07:00,0,12
global.js,62,js,c1977cbe,Sophia Vo,2025-04-18,17:41:28,-07:00,2025-04-18T17:41:28-07:00,0,0
global.js,63,js,c1977cbe,Sophia Vo,2025-04-18,17:41:28,-07:00,2025-04-18T17:41:28-07:00,0,7
global.js,64,js,c1977cbe,Sophia Vo,2025-04-18,17:41:28,-07:00,2025-04-18T17:41:28-07:00,1,27
global.js,65,js,c1977cbe,Sophia Vo,2025-04-18,17:41:28,-07:00,2025-04-18T17:41:28-07:00,2,5
global.js,66,js,c1977cbe,Sophia Vo,2025-04-18,17:41:28,-07:00,2025-04-18T17:41:28-07:00,2,7
global.js,67,js,c1977cbe,Sophia Vo,2025-04-18,17:41:28,-07:00,2025-04-18T17:41:28-07:00,3,44
global.js,68,js,c1977cbe,Sophia Vo,2025-04-18,17:41:28,-07:00,2025-04-18T17:41:28-07:00,3,35
global.js,69,js,c1977cbe,Sophia Vo,2025-04-18,17:41:28,-07:00,2025-04-18T17:41:28-07:00,3,33
global.js,70,js,c1977cbe,Sophia Vo,2025-04-18,17:41:28,-07:00,2025-04-18T17:41:28-07:00,2,8
global.js,71,js,c1977cbe,Sophia Vo,2025-04-18,17:41:28,-07:00,2025-04-18T17:41:28-07:00,1,7
global.js,72,js,c1977cbe,Sophia Vo,2025-04-18,17:41:28,-07:00,2025-04-18T17:41:28-07:00,0,8
global.js,73,js,c1977cbe,Sophia Vo,2025-04-18,17:41:28,-07:00,2025-04-18T17:41:28-07:00,0,0
global.js,74,js,c1977cbe,Sophia Vo,2025-04-18,17:41:28,-07:00,2025-04-18T17:41:28-07:00,0,1
global.js,75,js,c1977cbe,Sophia Vo,2025-04-18,17:41:28,-07:00,2025-04-18T17:41:28-07:00,0,0
global.js,76,js,c1977cbe,Sophia Vo,2025-04-18,17:41:28,-07:00,2025-04-18T17:41:28-07:00,0,72
global.js,77,js,c1977cbe,Sophia Vo,2025-04-18,17:41:28,-07:00,2025-04-18T17:41:28-07:00,0,0
global.js,78,js,c1977cbe,Sophia Vo,2025-04-18,17:41:28,-07:00,2025-04-18T17:41:28-07:00,0,32
global.js,79,js,c1977cbe,Sophia Vo,2025-04-18,17:41:28,-07:00,2025-04-18T17:41:28-07:00,0,66
global.js,80,js,c1977cbe,Sophia Vo,2025-04-18,17:41:28,-07:00,2025-04-18T17:41:28-07:00,0,23
global.js,81,js,c1977cbe,Sophia Vo,2025-04-18,17:41:28,-07:00,2025-04-18T17:41:28-07:00,0,32
global.js,82,js,c1977cbe,Sophia Vo,2025-04-18,17:41:28,-07:00,2025-04-18T17:41:28-07:00,0,0
global.js,83,js,c1977cbe,Sophia Vo,2025-04-18,17:41:28,-07:00,2025-04-18T17:41:28-07:00,0,0
global.js,84,js,c1977cbe,Sophia Vo,2025-04-18,17:41:28,-07:00,2025-04-18T17:41:28-07:00,0,0
global.js,85,js,c1977cbe,Sophia Vo,2025-04-18,17:41:28,-07:00,2025-04-18T17:41:28-07:00,0,56
global.js,86,js,c1977cbe,Sophia Vo,2025-04-18,17:41:28,-07:00,2025-04-18T17:41:28-07:00,0,36
global.js,87,js,c1977cbe,Sophia Vo,2025-04-18,17:41:28,-07:00,2025-04-18T17:41:28-07:00,0,46
global.js,88,js,c1977cbe,Sophia Vo,2025-04-18,17:41:28,-07:00,2025-04-18T17:41:28-07:00,0,25
global.js,89,js,c1977cbe,Sophia Vo,2025-04-18,17:41:28,-07:00,2025-04-18T17:41:28-07:00,0,2
global.js,90,js,c1977cbe,Sophia Vo,2025-04-18,17:41:28,-07:00,2025-04-18T17:41:28-07:00,0,0
global.js,91,js,c1977cbe,Sophia Vo,2025-04-18,17:41:28,-07:00,2025-04-18T17:41:28-07:00,0,55
global.js,92,js,c1977cbe,Sophia Vo,2025-04-18,17:41:28,-07:00,2025-04-18T17:41:28-07:00,0,17
global.js,93,js,c1977cbe,Sophia Vo,2025-04-18,17:41:28,-07:00,2025-04-18T17:41:28-07:00,0,27
global.js,94,js,c1977cbe,Sophia Vo,2025-04-18,17:41:28,-07:00,2025-04-18T17:41:28-07:00,0,0
global.js,95,js,c1977cbe,Sophia Vo,2025-04-18,17:41:28,-07:00,2025-04-18T17:41:28-07:00,0,0
global.js,96,js,c1977cbe,Sophia Vo,2025-04-18,17:41:28,-07:00,2025-04-18T17:41:28-07:00,0,43
global.js,97,js,c1977cbe,Sophia Vo,2025-04-18,17:41:28,-07:00,2025-04-18T17:41:28-07:00,0,38
global.js,98,js,c1977cbe,Sophia Vo,2025-04-18,17:41:28,-07:00,2025-04-18T17:41:28-07:00,0,18
global.js,99,js,c1977cbe,Sophia Vo,2025-04-18,17:41:28,-07:00,2025-04-18T17:41:28-07:00,0,31
global.js,100,js,c1977cbe,Sophia Vo,2025-04-18,17:41:28,-07:00,2025-04-18T17:41:28-07:00,0,0
global.js,101,js,c1977cbe,Sophia Vo,2025-04-18,17:41:28,-07:00,2025-04-18T17:41:28-07:00,0,32
global.js,102,js,c1977cbe,Sophia Vo,2025-04-18,17:41:28,-07:00,2025-04-18T17:41:28-07:00,0,24
global.js,103,js,c1977cbe,Sophia Vo,2025-04-18,17:41:28,-07:00,2025-04-18T17:41:28-07:00,0,0
global.js,104,js,c1977cbe,Sophia Vo,2025-04-18,17:41:28,-07:00,2025-04-18T17:41:28-07:00,0,0
global.js,105,js,c1977cbe,Sophia Vo,2025-04-18,17:41:28,-07:00,2025-04-18T17:41:28-07:00,0,32
global.js,106,js,c1977cbe,Sophia Vo,2025-04-18,17:41:28,-07:00,2025-04-18T17:41:28-07:00,0,44
global.js,107,js,c1977cbe,Sophia Vo,2025-04-18,17:41:28,-07:00,2025-04-18T17:41:28-07:00,0,0
global.js,108,js,c1977cbe,Sophia Vo,2025-04-18,17:41:28,-07:00,2025-04-18T17:41:28-07:00,0,0
global.js,109,js,c1977cbe,Sophia Vo,2025-04-18,17:41:28,-07:00,2025-04-18T17:41:28-07:00,0,17
global.js,110,js,c1977cbe,Sophia Vo,2025-04-18,17:41:28,-07:00,2025-04-18T17:41:28-07:00,0,32
global.js,111,js,c1977cbe,Sophia Vo,2025-04-18,17:41:28,-07:00,2025-04-18T17:41:28-07:00,0,51
global.js,112,js,c1977cbe,Sophia Vo,2025-04-18,17:41:28,-07:00,2025-04-18T17:41:28-07:00,0,0
global.js,113,js,c1977cbe,Sophia Vo,2025-04-18,17:41:28,-07:00,2025-04-18T17:41:28-07:00,0,48
global.js,114,js,c1977cbe,Sophia Vo,2025-04-18,17:41:28,-07:00,2025-04-18T17:41:28-07:00,0,0
global.js,115,js,c1977cbe,Sophia Vo,2025-04-18,17:41:28,-07:00,2025-04-18T17:41:28-07:00,0,19
global.js,116,js,c1977cbe,Sophia Vo,2025-04-18,17:41:28,-07:00,2025-04-18T17:41:28-07:00,0,2
global.js,117,js,4c6e07c8,Sophia Vo,2025-04-25,15:57:32,-07:00,2025-04-25T15:57:32-07:00,0,0
global.js,118,js,4c6e07c8,Sophia Vo,2025-04-25,15:57:32,-07:00,2025-04-25T15:57:32-07:00,0,37
global.js,119,js,4c6e07c8,Sophia Vo,2025-04-25,15:57:32,-07:00,2025-04-25T15:57:32-07:00,0,4
global.js,120,js,4c6e07c8,Sophia Vo,2025-04-25,15:57:32,-07:00,2025-04-25T15:57:32-07:00,0,40
global.js,121,js,4c6e07c8,Sophia Vo,2025-04-25,15:57:32,-07:00,2025-04-25T15:57:32-07:00,0,33
global.js,122,js,4c6e07c8,Sophia Vo,2025-04-25,15:57:32,-07:00,2025-04-25T15:57:32-07:00,0,0
global.js,123,js,4c6e07c8,Sophia Vo,2025-04-25,15:57:32,-07:00,2025-04-25T15:57:32-07:00,0,18
global.js,124,js,4c6e07c8,Sophia Vo,2025-04-25,15:57:32,-07:00,2025-04-25T15:57:32-07:00,0,67
global.js,125,js,4c6e07c8,Sophia Vo,2025-04-25,15:57:32,-07:00,2025-04-25T15:57:32-07:00,0,0
global.js,126,js,4c6e07c8,Sophia Vo,2025-04-25,15:57:32,-07:00,2025-04-25T15:57:32-07:00,0,0
global.js,127,js,4c6e07c8,Sophia Vo,2025-04-25,15:57:32,-07:00,2025-04-25T15:57:32-07:00,0,34
global.js,128,js,4c6e07c8,Sophia Vo,2025-04-25,15:57:32,-07:00,2025-04-25T15:57:32-07:00,0,11
global.js,129,js,4c6e07c8,Sophia Vo,2025-04-25,15:57:32,-07:00,2025-04-25T15:57:32-07:00,0,0
global.js,130,js,4c6e07c8,Sophia Vo,2025-04-25,15:57:32,-07:00,2025-04-25T15:57:32-07:00,0,16
global.js,131,js,4c6e07c8,Sophia Vo,2025-04-25,15:57:32,-07:00,2025-04-25T15:57:32-07:00,0,60
global.js,132,js,4c6e07c8,Sophia Vo,2025-04-25,15:57:32,-07:00,2025-04-25T15:57:32-07:00,0,0
global.js,133,js,4c6e07c8,Sophia Vo,2025-04-25,15:57:32,-07:00,2025-04-25T15:57:32-07:00,0,0
global.js,134,js,4c6e07c8,Sophia Vo,2025-04-25,15:57:32,-07:00,2025-04-25T15:57:32-07:00,0,0
global.js,135,js,4c6e07c8,Sophia Vo,2025-04-25,15:57:32,-07:00,2025-04-25T15:57:32-07:00,0,0
global.js,136,js,4c6e07c8,Sophia Vo,2025-04-25,15:57:32,-07:00,2025-04-25T15:57:32-07:00,0,80
global.js,137,js,4c6e07c8,Sophia Vo,2025-04-25,15:57:32,-07:00,2025-04-25T15:57:32-07:00,0,31
global.js,138,js,2cb6ca61,Sophia Vo,2025-05-02,21:23:57,-07:00,2025-05-02T21:23:57-07:00,0,0
global.js,139,js,2cb6ca61,Sophia Vo,2025-05-02,21:23:57,-07:00,2025-05-02T21:23:57-07:00,0,40
global.js,140,js,2cb6ca61,Sophia Vo,2025-05-02,21:23:57,-07:00,2025-05-02T21:23:57-07:00,0,61
global.js,141,js,2cb6ca61,Sophia Vo,2025-05-02,21:23:57,-07:00,2025-05-02T21:23:57-07:00,0,6
global.js,142,js,2cb6ca61,Sophia Vo,2025-05-02,21:23:57,-07:00,2025-05-02T21:23:57-07:00,0,0
global.js,143,js,4c6e07c8,Sophia Vo,2025-04-25,15:57:32,-07:00,2025-04-25T15:57:32-07:00,0,0
global.js,144,js,4c6e07c8,Sophia Vo,2025-04-25,15:57:32,-07:00,2025-04-25T15:57:32-07:00,0,28
global.js,145,js,4c6e07c8,Sophia Vo,2025-04-25,15:57:32,-07:00,2025-04-25T15:57:32-07:00,0,49
global.js,146,js,00000000,Not Committed Yet,2025-05-08,19:20:36,-07:00,2025-05-08T19:20:36-07:00,0,0
global.js,147,js,4c6e07c8,Sophia Vo,2025-04-25,15:57:32,-07:00,2025-04-25T15:57:32-07:00,0,20
global.js,148,js,4c6e07c8,Sophia Vo,2025-04-25,15:57:32,-07:00,2025-04-25T15:57:32-07:00,0,24
global.js,149,js,4c6e07c8,Sophia Vo,2025-04-25,15:57:32,-07:00,2025-04-25T15:57:32-07:00,0,50
global.js,150,js,a1c21081,Sophia Vo,2025-05-02,21:21:27,-07:00,2025-05-02T21:21:27-07:00,0,28
global.js,151,js,a1c21081,Sophia Vo,2025-05-02,21:21:27,-07:00,2025-05-02T21:21:27-07:00,0,28
global.js,152,js,a1c21081,Sophia Vo,2025-05-02,21:21:27,-07:00,2025-05-02T21:21:27-07:00,0,45
global.js,153,js,a1c21081,Sophia Vo,2025-05-02,21:21:27,-07:00,2025-05-02T21:21:27-07:00,0,5
global.js,154,js,4c6e07c8,Sophia Vo,2025-04-25,15:57:32,-07:00,2025-04-25T15:57:32-07:00,0,4
global.js,155,js,4c6e07c8,Sophia Vo,2025-04-25,15:57:32,-07:00,2025-04-25T15:57:32-07:00,0,0
global.js,156,js,4c6e07c8,Sophia Vo,2025-04-25,15:57:32,-07:00,2025-04-25T15:57:32-07:00,0,37
global.js,157,js,4c6e07c8,Sophia Vo,2025-04-25,15:57:32,-07:00,2025-04-25T15:57:32-07:00,0,2
global.js,158,js,4c6e07c8,Sophia Vo,2025-04-25,15:57:32,-07:00,2025-04-25T15:57:32-07:00,0,0
global.js,159,js,4c6e07c8,Sophia Vo,2025-04-25,15:57:32,-07:00,2025-04-25T15:57:32-07:00,0,0
global.js,160,js,4c6e07c8,Sophia Vo,2025-04-25,15:57:32,-07:00,2025-04-25T15:57:32-07:00,0,48
global.js,161,js,4c6e07c8,Sophia Vo,2025-04-25,15:57:32,-07:00,2025-04-25T15:57:32-07:00,0,60
global.js,162,js,4c6e07c8,Sophia Vo,2025-04-25,15:57:32,-07:00,2025-04-25T15:57:32-07:00,0,0
resume/index.html,1,html,f703df5b,Sophia Vo,2025-04-04,22:12:15,-07:00,2025-04-04T22:12:15-07:00,0,14
resume/index.html,2,html,f703df5b,Sophia Vo,2025-04-04,22:12:15,-07:00,2025-04-04T22:12:15-07:00,0,15
resume/index.html,3,html,f703df5b,Sophia Vo,2025-04-04,22:12:15,-07:00,2025-04-04T22:12:15-07:00,0,5
resume/index.html,4,html,f703df5b,Sophia Vo,2025-04-04,22:12:15,-07:00,2025-04-04T22:12:15-07:00,0,21
resume/index.html,5,html,f703df5b,Sophia Vo,2025-04-04,22:12:15,-07:00,2025-04-04T22:12:15-07:00,0,69
resume/index.html,6,html,f703df5b,Sophia Vo,2025-04-04,22:12:15,-07:00,2025-04-04T22:12:15-07:00,0,32
resume/index.html,7,html,f703df5b,Sophia Vo,2025-04-04,22:12:15,-07:00,2025-04-04T22:12:15-07:00,0,42
resume/index.html,8,html,c1977cbe,Sophia Vo,2025-04-18,17:41:28,-07:00,2025-04-18T17:41:28-07:00,0,49
resume/index.html,9,html,f703df5b,Sophia Vo,2025-04-04,22:12:15,-07:00,2025-04-04T22:12:15-07:00,0,6
resume/index.html,10,html,dfa602fb,Sophia Vo,2025-04-11,23:10:07,-07:00,2025-04-11T23:10:07-07:00,0,22
resume/index.html,11,html,f703df5b,Sophia Vo,2025-04-04,22:12:15,-07:00,2025-04-04T22:12:15-07:00,0,7
resume/index.html,12,html,f703df5b,Sophia Vo,2025-04-04,22:12:15,-07:00,2025-04-04T22:12:15-07:00,0,17
resume/index.html,13,html,f703df5b,Sophia Vo,2025-04-04,22:12:15,-07:00,2025-04-04T22:12:15-07:00,0,2
resume/index.html,14,html,f703df5b,Sophia Vo,2025-04-04,22:12:15,-07:00,2025-04-04T22:12:15-07:00,0,179
resume/index.html,15,html,f703df5b,Sophia Vo,2025-04-04,22:12:15,-07:00,2025-04-04T22:12:15-07:00,0,3
resume/index.html,16,html,f703df5b,Sophia Vo,2025-04-04,22:12:15,-07:00,2025-04-04T22:12:15-07:00,0,8
resume/index.html,17,html,f703df5b,Sophia Vo,2025-04-04,22:12:15,-07:00,2025-04-04T22:12:15-07:00,0,0
resume/index.html,18,html,f703df5b,Sophia Vo,2025-04-04,22:12:15,-07:00,2025-04-04T22:12:15-07:00,0,3
resume/index.html,19,html,f703df5b,Sophia Vo,2025-04-04,22:12:15,-07:00,2025-04-04T22:12:15-07:00,0,0
resume/index.html,20,html,f703df5b,Sophia Vo,2025-04-04,22:12:15,-07:00,2025-04-04T22:12:15-07:00,0,23
resume/index.html,21,html,f703df5b,Sophia Vo,2025-04-04,22:12:15,-07:00,2025-04-04T22:12:15-07:00,0,17
resume/index.html,22,html,f703df5b,Sophia Vo,2025-04-04,22:12:15,-07:00,2025-04-04T22:12:15-07:00,0,0
resume/index.html,23,html,f703df5b,Sophia Vo,2025-04-04,22:12:15,-07:00,2025-04-04T22:12:15-07:00,0,8
resume/index.html,24,html,f703df5b,Sophia Vo,2025-04-04,22:12:15,-07:00,2025-04-04T22:12:15-07:00,0,43
resume/index.html,25,html,f703df5b,Sophia Vo,2025-04-04,22:12:15,-07:00,2025-04-04T22:12:15-07:00,0,41
resume/index.html,26,html,f703df5b,Sophia Vo,2025-04-04,22:12:15,-07:00,2025-04-04T22:12:15-07:00,0,68
resume/index.html,27,html,f703df5b,Sophia Vo,2025-04-04,22:12:15,-07:00,2025-04-04T22:12:15-07:00,0,43
resume/index.html,28,html,f703df5b,Sophia Vo,2025-04-04,22:12:15,-07:00,2025-04-04T22:12:15-07:00,0,3
resume/index.html,29,html,f703df5b,Sophia Vo,2025-04-04,22:12:15,-07:00,2025-04-04T22:12:15-07:00,0,34
resume/index.html,30,html,f703df5b,Sophia Vo,2025-04-04,22:12:15,-07:00,2025-04-04T22:12:15-07:00,0,62
resume/index.html,31,html,f703df5b,Sophia Vo,2025-04-04,22:12:15,-07:00,2025-04-04T22:12:15-07:00,0,35
resume/index.html,32,html,f703df5b,Sophia Vo,2025-04-04,22:12:15,-07:00,2025-04-04T22:12:15-07:00,0,55
resume/index.html,33,html,f703df5b,Sophia Vo,2025-04-04,22:12:15,-07:00,2025-04-04T22:12:15-07:00,0,54
resume/index.html,34,html,f703df5b,Sophia Vo,2025-04-04,22:12:15,-07:00,2025-04-04T22:12:15-07:00,0,32
resume/index.html,35,html,f703df5b,Sophia Vo,2025-04-04,22:12:15,-07:00,2025-04-04T22:12:15-07:00,0,22
resume/index.html,36,html,f703df5b,Sophia Vo,2025-04-04,22:12:15,-07:00,2025-04-04T22:12:15-07:00,0,30
resume/index.html,37,html,f703df5b,Sophia Vo,2025-04-04,22:12:15,-07:00,2025-04-04T22:12:15-07:00,0,23
resume/index.html,38,html,f703df5b,Sophia Vo,2025-04-04,22:12:15,-07:00,2025-04-04T22:12:15-07:00,0,49
resume/index.html,39,html,f703df5b,Sophia Vo,2025-04-04,22:12:15,-07:00,2025-04-04T22:12:15-07:00,0,4
resume/index.html,40,html,f703df5b,Sophia Vo,2025-04-04,22:12:15,-07:00,2025-04-04T22:12:15-07:00,0,9
resume/index.html,41,html,f703df5b,Sophia Vo,2025-04-04,22:12:15,-07:00,2025-04-04T22:12:15-07:00,0,0
resume/index.html,42,html,f703df5b,Sophia Vo,2025-04-04,22:12:15,-07:00,2025-04-04T22:12:15-07:00,0,8
resume/index.html,43,html,f703df5b,Sophia Vo,2025-04-04,22:12:15,-07:00,2025-04-04T22:12:15-07:00,0,72
resume/index.html,44,html,f703df5b,Sophia Vo,2025-04-04,22:12:15,-07:00,2025-04-04T22:12:15-07:00,0,41
resume/index.html,45,html,f703df5b,Sophia Vo,2025-04-04,22:12:15,-07:00,2025-04-04T22:12:15-07:00,0,43
resume/index.html,46,html,f703df5b,Sophia Vo,2025-04-04,22:12:15,-07:00,2025-04-04T22:12:15-07:00,0,3
resume/index.html,47,html,f703df5b,Sophia Vo,2025-04-04,22:12:15,-07:00,2025-04-04T22:12:15-07:00,0,31
resume/index.html,48,html,f703df5b,Sophia Vo,2025-04-04,22:12:15,-07:00,2025-04-04T22:12:15-07:00,0,24
resume/index.html,49,html,f703df5b,Sophia Vo,2025-04-04,22:12:15,-07:00,2025-04-04T22:12:15-07:00,0,28
resume/index.html,50,html,f703df5b,Sophia Vo,2025-04-04,22:12:15,-07:00,2025-04-04T22:12:15-07:00,0,20
resume/index.html,51,html,f703df5b,Sophia Vo,2025-04-04,22:12:15,-07:00,2025-04-04T22:12:15-07:00,0,29
resume/index.html,52,html,f703df5b,Sophia Vo,2025-04-04,22:12:15,-07:00,2025-04-04T22:12:15-07:00,0,4
resume/index.html,53,html,f703df5b,Sophia Vo,2025-04-04,22:12:15,-07:00,2025-04-04T22:12:15-07:00,0,9
resume/index.html,54,html,f703df5b,Sophia Vo,2025-04-04,22:12:15,-07:00,2025-04-04T22:12:15-07:00,0,9
resume/index.html,55,html,f703df5b,Sophia Vo,2025-04-04,22:12:15,-07:00,2025-04-04T22:12:15-07:00,0,0
resume/index.html,56,html,f703df5b,Sophia Vo,2025-04-04,22:12:15,-07:00,2025-04-04T22:12:15-07:00,0,20
resume/index.html,57,html,f703df5b,Sophia Vo,2025-04-04,22:12:15,-07:00,2025-04-04T22:12:15-07:00,0,14
resume/index.html,58,html,f703df5b,Sophia Vo,2025-04-04,22:12:15,-07:00,2025-04-04T22:12:15-07:00,0,3
resume/index.html,59,html,f703df5b,Sophia Vo,2025-04-04,22:12:15,-07:00,2025-04-04T22:12:15-07:00,0,80
resume/index.html,60,html,f703df5b,Sophia Vo,2025-04-04,22:12:15,-07:00,2025-04-04T22:12:15-07:00,0,51
resume/index.html,61,html,f703df5b,Sophia Vo,2025-04-04,22:12:15,-07:00,2025-04-04T22:12:15-07:00,0,64
resume/index.html,62,html,f703df5b,Sophia Vo,2025-04-04,22:12:15,-07:00,2025-04-04T22:12:15-07:00,0,74
resume/index.html,63,html,f703df5b,Sophia Vo,2025-04-04,22:12:15,-07:00,2025-04-04T22:12:15-07:00,0,64
resume/index.html,64,html,f703df5b,Sophia Vo,2025-04-04,22:12:15,-07:00,2025-04-04T22:12:15-07:00,0,66
resume/index.html,65,html,f703df5b,Sophia Vo,2025-04-04,22:12:15,-07:00,2025-04-04T22:12:15-07:00,0,4
resume/index.html,66,html,f703df5b,Sophia Vo,2025-04-04,22:12:15,-07:00,2025-04-04T22:12:15-07:00,0,9
resume/index.html,67,html,f703df5b,Sophia Vo,2025-04-04,22:12:15,-07:00,2025-04-04T22:12:15-07:00,0,0
resume/index.html,68,html,f703df5b,Sophia Vo,2025-04-04,22:12:15,-07:00,2025-04-04T22:12:15-07:00,0,22
resume/index.html,69,html,f703df5b,Sophia Vo,2025-04-04,22:12:15,-07:00,2025-04-04T22:12:15-07:00,0,16
resume/index.html,70,html,f703df5b,Sophia Vo,2025-04-04,22:12:15,-07:00,2025-04-04T22:12:15-07:00,0,0
resume/index.html,71,html,f703df5b,Sophia Vo,2025-04-04,22:12:15,-07:00,2025-04-04T22:12:15-07:00,0,8
resume/index.html,72,html,f703df5b,Sophia Vo,2025-04-04,22:12:15,-07:00,2025-04-04T22:12:15-07:00,0,3
resume/index.html,73,html,f703df5b,Sophia Vo,2025-04-04,22:12:15,-07:00,2025-04-04T22:12:15-07:00,0,130
resume/index.html,74,html,f703df5b,Sophia Vo,2025-04-04,22:12:15,-07:00,2025-04-04T22:12:15-07:00,0,4
resume/index.html,75,html,f703df5b,Sophia Vo,2025-04-04,22:12:15,-07:00,2025-04-04T22:12:15-07:00,0,51
resume/index.html,76,html,f703df5b,Sophia Vo,2025-04-04,22:12:15,-07:00,2025-04-04T22:12:15-07:00,0,64
resume/index.html,77,html,f703df5b,Sophia Vo,2025-04-04,22:12:15,-07:00,2025-04-04T22:12:15-07:00,0,9
resume/index.html,78,html,f703df5b,Sophia Vo,2025-04-04,22:12:15,-07:00,2025-04-04T22:12:15-07:00,0,0
resume/index.html,79,html,f703df5b,Sophia Vo,2025-04-04,22:12:15,-07:00,2025-04-04T22:12:15-07:00,0,8
resume/index.html,80,html,f703df5b,Sophia Vo,2025-04-04,22:12:15,-07:00,2025-04-04T22:12:15-07:00,0,3
resume/index.html,81,html,f703df5b,Sophia Vo,2025-04-04,22:12:15,-07:00,2025-04-04T22:12:15-07:00,0,133
resume/index.html,82,html,f703df5b,Sophia Vo,2025-04-04,22:12:15,-07:00,2025-04-04T22:12:15-07:00,0,4
resume/index.html,83,html,f703df5b,Sophia Vo,2025-04-04,22:12:15,-07:00,2025-04-04T22:12:15-07:00,0,182
resume/index.html,84,html,f703df5b,Sophia Vo,2025-04-04,22:12:15,-07:00,2025-04-04T22:12:15-07:00,0,64
resume/index.html,85,html,f703df5b,Sophia Vo,2025-04-04,22:12:15,-07:00,2025-04-04T22:12:15-07:00,0,9
resume/index.html,86,html,f703df5b,Sophia Vo,2025-04-04,22:12:15,-07:00,2025-04-04T22:12:15-07:00,0,9
resume/index.html,87,html,f703df5b,Sophia Vo,2025-04-04,22:12:15,-07:00,2025-04-04T22:12:15-07:00,0,0
resume/index.html,88,html,f703df5b,Sophia Vo,2025-04-04,22:12:15,-07:00,2025-04-04T22:12:15-07:00,0,28
resume/index.html,89,html,f703df5b,Sophia Vo,2025-04-04,22:12:15,-07:00,2025-04-04T22:12:15-07:00,0,22
resume/index.html,90,html,f703df5b,Sophia Vo,2025-04-04,22:12:15,-07:00,2025-04-04T22:12:15-07:00,0,2
resume/index.html,91,html,f703df5b,Sophia Vo,2025-04-04,22:12:15,-07:00,2025-04-04T22:12:15-07:00,0,66
resume/index.html,92,html,f703df5b,Sophia Vo,2025-04-04,22:12:15,-07:00,2025-04-04T22:12:15-07:00,0,125
resume/index.html,93,html,f703df5b,Sophia Vo,2025-04-04,22:12:15,-07:00,2025-04-04T22:12:15-07:00,0,3
resume/index.html,94,html,f703df5b,Sophia Vo,2025-04-04,22:12:15,-07:00,2025-04-04T22:12:15-07:00,0,9
resume/index.html,95,html,f703df5b,Sophia Vo,2025-04-04,22:12:15,-07:00,2025-04-04T22:12:15-07:00,0,6
resume/index.html,96,html,f703df5b,Sophia Vo,2025-04-04,22:12:15,-07:00,2025-04-04T22:12:15-07:00,0,6
projects/projects.js,1,js,a1c21081,Sophia Vo,2025-05-02,21:21:27,-07:00,2025-05-02T21:21:27-07:00,0,64
projects/projects.js,2,js,4c6e07c8,Sophia Vo,2025-04-25,15:57:32,-07:00,2025-04-25T15:57:32-07:00,0,56
projects/projects.js,3,js,4c6e07c8,Sophia Vo,2025-04-25,15:57:32,-07:00,2025-04-25T15:57:32-07:00,0,0
projects/projects.js,4,js,4c6e07c8,Sophia Vo,2025-04-25,15:57:32,-07:00,2025-04-25T15:57:32-07:00,0,56
projects/projects.js,5,js,4c6e07c8,Sophia Vo,2025-04-25,15:57:32,-07:00,2025-04-25T15:57:32-07:00,0,61
projects/projects.js,6,js,a1c21081,Sophia Vo,2025-05-02,21:21:27,-07:00,2025-05-02T21:21:27-07:00,0,56
projects/projects.js,7,js,a1c21081,Sophia Vo,2025-05-02,21:21:27,-07:00,2025-05-02T21:21:27-07:00,0,56
projects/projects.js,8,js,a1c21081,Sophia Vo,2025-05-02,21:21:27,-07:00,2025-05-02T21:21:27-07:00,0,0
projects/projects.js,9,js,a1c21081,Sophia Vo,2025-05-02,21:21:27,-07:00,2025-05-02T21:21:27-07:00,0,14
projects/projects.js,10,js,a1c21081,Sophia Vo,2025-05-02,21:21:27,-07:00,2025-05-02T21:21:27-07:00,0,22
projects/projects.js,11,js,a1c21081,Sophia Vo,2025-05-02,21:21:27,-07:00,2025-05-02T21:21:27-07:00,0,0
projects/projects.js,12,js,a1c21081,Sophia Vo,2025-05-02,21:21:27,-07:00,2025-05-02T21:21:27-07:00,0,26
projects/projects.js,13,js,19ed7715,Sophia Vo,2025-05-02,21:45:07,-07:00,2025-05-02T21:45:07-07:00,0,38
projects/projects.js,14,js,a1c21081,Sophia Vo,2025-05-02,21:21:27,-07:00,2025-05-02T21:21:27-07:00,0,45
projects/projects.js,15,js,a1c21081,Sophia Vo,2025-05-02,21:21:27,-07:00,2025-05-02T21:21:27-07:00,0,0
projects/projects.js,16,js,a1c21081,Sophia Vo,2025-05-02,21:21:27,-07:00,2025-05-02T21:21:27-07:00,0,0
projects/projects.js,17,js,a1c21081,Sophia Vo,2025-05-02,21:21:27,-07:00,2025-05-02T21:21:27-07:00,0,26
projects/projects.js,18,js,a1c21081,Sophia Vo,2025-05-02,21:21:27,-07:00,2025-05-02T21:21:27-07:00,0,25
projects/projects.js,19,js,a1c21081,Sophia Vo,2025-05-02,21:21:27,-07:00,2025-05-02T21:21:27-07:00,0,4
projects/projects.js,20,js,a1c21081,Sophia Vo,2025-05-02,21:21:27,-07:00,2025-05-02T21:21:27-07:00,0,13
projects/projects.js,21,js,a1c21081,Sophia Vo,2025-05-02,21:21:27,-07:00,2025-05-02T21:21:27-07:00,0,10
projects/projects.js,22,js,a1c21081,Sophia Vo,2025-05-02,21:21:27,-07:00,2025-05-02T21:21:27-07:00,0,1
projects/projects.js,23,js,a1c21081,Sophia Vo,2025-05-02,21:21:27,-07:00,2025-05-02T21:21:27-07:00,0,69
projects/projects.js,24,js,a1c21081,Sophia Vo,2025-05-02,21:21:27,-07:00,2025-05-02T21:21:27-07:00,0,0
projects/projects.js,25,js,a1c21081,Sophia Vo,2025-05-02,21:21:27,-07:00,2025-05-02T21:21:27-07:00,0,0
projects/projects.js,26,js,a1c21081,Sophia Vo,2025-05-02,21:21:27,-07:00,2025-05-02T21:21:27-07:00,0,25
projects/projects.js,27,js,a1c21081,Sophia Vo,2025-05-02,21:21:27,-07:00,2025-05-02T21:21:27-07:00,0,32
projects/projects.js,28,js,a1c21081,Sophia Vo,2025-05-02,21:21:27,-07:00,2025-05-02T21:21:27-07:00,0,43
projects/projects.js,29,js,a1c21081,Sophia Vo,2025-05-02,21:21:27,-07:00,2025-05-02T21:21:27-07:00,0,35
projects/projects.js,30,js,a1c21081,Sophia Vo,2025-05-02,21:21:27,-07:00,2025-05-02T21:21:27-07:00,0,54
projects/projects.js,31,js,a1c21081,Sophia Vo,2025-05-02,21:21:27,-07:00,2025-05-02T21:21:27-07:00,0,43
projects/projects.js,32,js,a1c21081,Sophia Vo,2025-05-02,21:21:27,-07:00,2025-05-02T21:21:27-07:00,0,0
projects/projects.js,33,js,a1c21081,Sophia Vo,2025-05-02,21:21:27,-07:00,2025-05-02T21:21:27-07:00,0,27
projects/projects.js,34,js,a1c21081,Sophia Vo,2025-05-02,21:21:27,-07:00,2025-05-02T21:21:27-07:00,0,30
projects/projects.js,35,js,a1c21081,Sophia Vo,2025-05-02,21:21:27,-07:00,2025-05-02T21:21:27-07:00,0,0
projects/projects.js,36,js,a1c21081,Sophia Vo,2025-05-02,21:21:27,-07:00,2025-05-02T21:21:27-07:00,0,28
projects/projects.js,37,js,a1c21081,Sophia Vo,2025-05-02,21:21:27,-07:00,2025-05-02T21:21:27-07:00,0,54
projects/projects.js,38,js,a1c21081,Sophia Vo,2025-05-02,21:21:27,-07:00,2025-05-02T21:21:27-07:00,0,0
projects/projects.js,39,js,a1c21081,Sophia Vo,2025-05-02,21:21:27,-07:00,2025-05-02T21:21:27-07:00,0,20
projects/projects.js,40,js,19ed7715,Sophia Vo,2025-05-02,21:45:07,-07:00,2025-05-02T21:45:07-07:00,0,10
projects/projects.js,41,js,19ed7715,Sophia Vo,2025-05-02,21:45:07,-07:00,2025-05-02T21:45:07-07:00,0,12
projects/projects.js,42,js,19ed7715,Sophia Vo,2025-05-02,21:45:07,-07:00,2025-05-02T21:45:07-07:00,0,17
projects/projects.js,43,js,19ed7715,Sophia Vo,2025-05-02,21:45:07,-07:00,2025-05-02T21:45:07-07:00,0,37
projects/projects.js,44,js,19ed7715,Sophia Vo,2025-05-02,21:45:07,-07:00,2025-05-02T21:45:07-07:00,0,26
projects/projects.js,45,js,19ed7715,Sophia Vo,2025-05-02,21:45:07,-07:00,2025-05-02T21:45:07-07:00,0,27
projects/projects.js,46,js,19ed7715,Sophia Vo,2025-05-02,21:45:07,-07:00,2025-05-02T21:45:07-07:00,0,66
projects/projects.js,47,js,19ed7715,Sophia Vo,2025-05-02,21:45:07,-07:00,2025-05-02T21:45:07-07:00,0,53
projects/projects.js,48,js,19ed7715,Sophia Vo,2025-05-02,21:45:07,-07:00,2025-05-02T21:45:07-07:00,0,0
projects/projects.js,49,js,19ed7715,Sophia Vo,2025-05-02,21:45:07,-07:00,2025-05-02T21:45:07-07:00,0,56
projects/projects.js,50,js,19ed7715,Sophia Vo,2025-05-02,21:45:07,-07:00,2025-05-02T21:45:07-07:00,0,48
projects/projects.js,51,js,19ed7715,Sophia Vo,2025-05-02,21:45:07,-07:00,2025-05-02T21:45:07-07:00,0,26
projects/projects.js,52,js,19ed7715,Sophia Vo,2025-05-02,21:45:07,-07:00,2025-05-02T21:45:07-07:00,0,0
projects/projects.js,53,js,19ed7715,Sophia Vo,2025-05-02,21:45:07,-07:00,2025-05-02T21:45:07-07:00,0,58
projects/projects.js,54,js,19ed7715,Sophia Vo,2025-05-02,21:45:07,-07:00,2025-05-02T21:45:07-07:00,0,16
projects/projects.js,55,js,19ed7715,Sophia Vo,2025-05-02,21:45:07,-07:00,2025-05-02T21:45:07-07:00,0,17
projects/projects.js,56,js,19ed7715,Sophia Vo,2025-05-02,21:45:07,-07:00,2025-05-02T21:45:07-07:00,0,2
projects/projects.js,57,js,19ed7715,Sophia Vo,2025-05-02,21:45:07,-07:00,2025-05-02T21:45:07-07:00,0,0
projects/projects.js,58,js,19ed7715,Sophia Vo,2025-05-02,21:45:07,-07:00,2025-05-02T21:45:07-07:00,0,21
projects/projects.js,59,js,19ed7715,Sophia Vo,2025-05-02,21:45:07,-07:00,2025-05-02T21:45:07-07:00,0,10
projects/projects.js,60,js,19ed7715,Sophia Vo,2025-05-02,21:45:07,-07:00,2025-05-02T21:45:07-07:00,0,10
projects/projects.js,61,js,19ed7715,Sophia Vo,2025-05-02,21:45:07,-07:00,2025-05-02T21:45:07-07:00,0,52
projects/projects.js,62,js,19ed7715,Sophia Vo,2025-05-02,21:45:07,-07:00,2025-05-02T21:45:07-07:00,0,83
projects/projects.js,63,js,19ed7715,Sophia Vo,2025-05-02,21:45:07,-07:00,2025-05-02T21:45:07-07:00,0,26
projects/projects.js,64,js,19ed7715,Sophia Vo,2025-05-02,21:45:07,-07:00,2025-05-02T21:45:07-07:00,0,27
projects/projects.js,65,js,19ed7715,Sophia Vo,2025-05-02,21:45:07,-07:00,2025-05-02T21:45:07-07:00,0,58
projects/projects.js,66,js,19ed7715,Sophia Vo,2025-05-02,21:45:07,-07:00,2025-05-02T21:45:07-07:00,0,16
projects/projects.js,67,js,19ed7715,Sophia Vo,2025-05-02,21:45:07,-07:00,2025-05-02T21:45:07-07:00,0,17
projects/projects.js,68,js,19ed7715,Sophia Vo,2025-05-02,21:45:07,-07:00,2025-05-02T21:45:07-07:00,0,2
projects/projects.js,69,js,4c6e07c8,Sophia Vo,2025-04-25,15:57:32,-07:00,2025-04-25T15:57:32-07:00,0,0
projects/projects.js,70,js,a1c21081,Sophia Vo,2025-05-02,21:21:27,-07:00,2025-05-02T21:21:27-07:00,0,16
projects/projects.js,71,js,4c6e07c8,Sophia Vo,2025-04-25,15:57:32,-07:00,2025-04-25T15:57:32-07:00,0,0
projects/projects.js,72,js,4c6e07c8,Sophia Vo,2025-04-25,15:57:32,-07:00,2025-04-25T15:57:32-07:00,0,0
projects/projects.js,73,js,a1c21081,Sophia Vo,2025-05-02,21:21:27,-07:00,2025-05-02T21:21:27-07:00,0,26
projects/projects.js,74,js,a1c21081,Sophia Vo,2025-05-02,21:21:27,-07:00,2025-05-02T21:21:27-07:00,0,38
projects/projects.js,75,js,a1c21081,Sophia Vo,2025-05-02,21:21:27,-07:00,2025-05-02T21:21:27-07:00,0,80
projects/projects.js,76,js,a1c21081,Sophia Vo,2025-05-02,21:21:27,-07:00,2025-05-02T21:21:27-07:00,0,51
projects/projects.js,77,js,19ed7715,Sophia Vo,2025-05-02,21:45:07,-07:00,2025-05-02T21:45:07-07:00,0,0
projects/projects.js,78,js,a1c21081,Sophia Vo,2025-05-02,21:21:27,-07:00,2025-05-02T21:21:27-07:00,0,25
projects/projects.js,79,js,a1c21081,Sophia Vo,2025-05-02,21:21:27,-07:00,2025-05-02T21:21:27-07:00,0,80
projects/projects.js,80,js,a1c21081,Sophia Vo,2025-05-02,21:21:27,-07:00,2025-05-02T21:21:27-07:00,0,51
projects/projects.js,81,js,a1c21081,Sophia Vo,2025-05-02,21:21:27,-07:00,2025-05-02T21:21:27-07:00,0,0
projects/projects.js,82,js,a1c21081,Sophia Vo,2025-05-02,21:21:27,-07:00,2025-05-02T21:21:27-07:00,0,0
projects/projects.js,83,js,a1c21081,Sophia Vo,2025-05-02,21:21:27,-07:00,2025-05-02T21:21:27-07:00,0,27
projects/projects.js,84,js,19ed7715,Sophia Vo,2025-05-02,21:45:07,-07:00,2025-05-02T21:45:07-07:00,0,38
projects/projects.js,85,js,a1c21081,Sophia Vo,2025-05-02,21:21:27,-07:00,2025-05-02T21:21:27-07:00,0,15
projects/projects.js,86,js,a1c21081,Sophia Vo,2025-05-02,21:21:27,-07:00,2025-05-02T21:21:27-07:00,0,9
projects/projects.js,87,js,a1c21081,Sophia Vo,2025-05-02,21:21:27,-07:00,2025-05-02T21:21:27-07:00,0,13
projects/projects.js,88,js,a1c21081,Sophia Vo,2025-05-02,21:21:27,-07:00,2025-05-02T21:21:27-07:00,0,29
projects/projects.js,89,js,a1c21081,Sophia Vo,2025-05-02,21:21:27,-07:00,2025-05-02T21:21:27-07:00,0,1
projects/projects.js,90,js,a1c21081,Sophia Vo,2025-05-02,21:21:27,-07:00,2025-05-02T21:21:27-07:00,0,0
projects/projects.js,91,js,19ed7715,Sophia Vo,2025-05-02,21:45:07,-07:00,2025-05-02T21:45:07-07:00,0,25
projects/projects.js,92,js,19ed7715,Sophia Vo,2025-05-02,21:45:07,-07:00,2025-05-02T21:45:07-07:00,0,26
projects/projects.js,93,js,19ed7715,Sophia Vo,2025-05-02,21:45:07,-07:00,2025-05-02T21:45:07-07:00,0,38
projects/projects.js,94,js,19ed7715,Sophia Vo,2025-05-02,21:45:07,-07:00,2025-05-02T21:45:07-07:00,0,44
projects/projects.js,95,js,19ed7715,Sophia Vo,2025-05-02,21:45:07,-07:00,2025-05-02T21:45:07-07:00,0,50
projects/projects.js,96,js,19ed7715,Sophia Vo,2025-05-02,21:45:07,-07:00,2025-05-02T21:45:07-07:00,0,0
projects/projects.js,97,js,a1c21081,Sophia Vo,2025-05-02,21:21:27,-07:00,2025-05-02T21:21:27-07:00,0,0
projects/projects.js,98,js,a1c21081,Sophia Vo,2025-05-02,21:21:27,-07:00,2025-05-02T21:21:27-07:00,0,52
projects/projects.js,99,js,a1c21081,Sophia Vo,2025-05-02,21:21:27,-07:00,2025-05-02T21:21:27-07:00,0,57
projects/projects.js,100,js,a1c21081,Sophia Vo,2025-05-02,21:21:27,-07:00,2025-05-02T21:21:27-07:00,0,27
projects/projects.js,101,js,a1c21081,Sophia Vo,2025-05-02,21:21:27,-07:00,2025-05-02T21:21:27-07:00,0,19
projects/projects.js,102,js,a1c21081,Sophia Vo,2025-05-02,21:21:27,-07:00,2025-05-02T21:21:27-07:00,0,30
projects/projects.js,103,js,a1c21081,Sophia Vo,2025-05-02,21:21:27,-07:00,2025-05-02T21:21:27-07:00,0,7
projects/projects.js,104,js,a1c21081,Sophia Vo,2025-05-02,21:21:27,-07:00,2025-05-02T21:21:27-07:00,0,18
projects/projects.js,105,js,a1c21081,Sophia Vo,2025-05-02,21:21:27,-07:00,2025-05-02T21:21:27-07:00,0,33
projects/projects.js,106,js,a1c21081,Sophia Vo,2025-05-02,21:21:27,-07:00,2025-05-02T21:21:27-07:00,0,0
projects/projects.js,107,js,a1c21081,Sophia Vo,2025-05-02,21:21:27,-07:00,2025-05-02T21:21:27-07:00,0,0
projects/projects.js,108,js,a1c21081,Sophia Vo,2025-05-02,21:21:27,-07:00,2025-05-02T21:21:27-07:00,0,20
projects/projects.js,109,js,a1c21081,Sophia Vo,2025-05-02,21:21:27,-07:00,2025-05-02T21:21:27-07:00,0,21
projects/projects.js,110,js,a1c21081,Sophia Vo,2025-05-02,21:21:27,-07:00,2025-05-02T21:21:27-07:00,0,0
projects/projects.js,111,js,a1c21081,Sophia Vo,2025-05-02,21:21:27,-07:00,2025-05-02T21:21:27-07:00,0,0
projects/projects.js,112,js,19ed7715,Sophia Vo,2025-05-02,21:45:07,-07:00,2025-05-02T21:45:07-07:00,0,20
projects/projects.js,113,js,a1c21081,Sophia Vo,2025-05-02,21:21:27,-07:00,2025-05-02T21:21:27-07:00,0,43
projects/projects.js,114,js,a1c21081,Sophia Vo,2025-05-02,21:21:27,-07:00,2025-05-02T21:21:27-07:00,0,22
projects/projects.js,115,js,a1c21081,Sophia Vo,2025-05-02,21:21:27,-07:00,2025-05-02T21:21:27-07:00,0,17
projects/projects.js,116,js,a1c21081,Sophia Vo,2025-05-02,21:21:27,-07:00,2025-05-02T21:21:27-07:00,0,2
projects/projects.js,117,js,a1c21081,Sophia Vo,2025-05-02,21:21:27,-07:00,2025-05-02T21:21:27-07:00,0,0
projects/projects.js,118,js,19ed7715,Sophia Vo,2025-05-02,21:45:07,-07:00,2025-05-02T21:45:07-07:00,0,16
projects/projects.js,119,js,a1c21081,Sophia Vo,2025-05-02,21:21:27,-07:00,2025-05-02T21:21:27-07:00,0,20
projects/projects.js,120,js,a1c21081,Sophia Vo,2025-05-02,21:21:27,-07:00,2025-05-02T21:21:27-07:00,0,19
projects/index.html,1,html,f703df5b,Sophia Vo,2025-04-04,22:12:15,-07:00,2025-04-04T22:12:15-07:00,0,14
projects/index.html,2,html,f703df5b,Sophia Vo,2025-04-04,22:12:15,-07:00,2025-04-04T22:12:15-07:00,0,15
projects/index.html,3,html,f703df5b,Sophia Vo,2025-04-04,22:12:15,-07:00,2025-04-04T22:12:15-07:00,0,5
projects/index.html,4,html,f703df5b,Sophia Vo,2025-04-04,22:12:15,-07:00,2025-04-04T22:12:15-07:00,0,21
projects/index.html,5,html,f703df5b,Sophia Vo,2025-04-04,22:12:15,-07:00,2025-04-04T22:12:15-07:00,0,69
projects/index.html,6,html,f703df5b,Sophia Vo,2025-04-04,22:12:15,-07:00,2025-04-04T22:12:15-07:00,0,22
projects/index.html,7,html,f703df5b,Sophia Vo,2025-04-04,22:12:15,-07:00,2025-04-04T22:12:15-07:00,0,42
projects/index.html,8,html,c1977cbe,Sophia Vo,2025-04-18,17:41:28,-07:00,2025-04-18T17:41:28-07:00,0,49
projects/index.html,9,html,f703df5b,Sophia Vo,2025-04-04,22:12:15,-07:00,2025-04-04T22:12:15-07:00,0,6
projects/index.html,10,html,f703df5b,Sophia Vo,2025-04-04,22:12:15,-07:00,2025-04-04T22:12:15-07:00,0,5
projects/index.html,11,html,00000000,Not Committed Yet,2025-05-08,19:20:37,-07:00,2025-05-08T19:20:37-07:00,0,0
projects/index.html,12,html,1e8bcbdb,Sophia Vo,2025-05-02,21:50:41,-07:00,2025-05-02T21:50:41-07:00,0,80
projects/index.html,13,html,a1c21081,Sophia Vo,2025-05-02,21:21:27,-07:00,2025-05-02T21:21:27-07:00,0,0
projects/index.html,14,html,a1c21081,Sophia Vo,2025-05-02,21:21:27,-07:00,2025-05-02T21:21:27-07:00,0,0
projects/index.html,15,html,a1c21081,Sophia Vo,2025-05-02,21:21:27,-07:00,2025-05-02T21:21:27-07:00,0,28
projects/index.html,16,html,a1c21081,Sophia Vo,2025-05-02,21:21:27,-07:00,2025-05-02T21:21:27-07:00,0,59
projects/index.html,17,html,a1c21081,Sophia Vo,2025-05-02,21:21:27,-07:00,2025-05-02T21:21:27-07:00,0,23
projects/index.html,18,html,a1c21081,Sophia Vo,2025-05-02,21:21:27,-07:00,2025-05-02T21:21:27-07:00,0,5
projects/index.html,19,html,a1c21081,Sophia Vo,2025-05-02,21:21:27,-07:00,2025-05-02T21:21:27-07:00,0,0
projects/index.html,20,html,a1c21081,Sophia Vo,2025-05-02,21:21:27,-07:00,2025-05-02T21:21:27-07:00,0,30
projects/index.html,21,html,a1c21081,Sophia Vo,2025-05-02,21:21:27,-07:00,2025-05-02T21:21:27-07:00,0,20
projects/index.html,22,html,a1c21081,Sophia Vo,2025-05-02,21:21:27,-07:00,2025-05-02T21:21:27-07:00,0,5
projects/index.html,23,html,a1c21081,Sophia Vo,2025-05-02,21:21:27,-07:00,2025-05-02T21:21:27-07:00,0,0
projects/index.html,24,html,a1c21081,Sophia Vo,2025-05-02,21:21:27,-07:00,2025-05-02T21:21:27-07:00,0,5
projects/index.html,25,html,a1c21081,Sophia Vo,2025-05-02,21:21:27,-07:00,2025-05-02T21:21:27-07:00,0,16
projects/index.html,26,html,a1c21081,Sophia Vo,2025-05-02,21:21:27,-07:00,2025-05-02T21:21:27-07:00,0,12
projects/index.html,27,html,a1c21081,Sophia Vo,2025-05-02,21:21:27,-07:00,2025-05-02T21:21:27-07:00,0,27
projects/index.html,28,html,a1c21081,Sophia Vo,2025-05-02,21:21:27,-07:00,2025-05-02T21:21:27-07:00,0,32
projects/index.html,29,html,a1c21081,Sophia Vo,2025-05-02,21:21:27,-07:00,2025-05-02T21:21:27-07:00,0,1
projects/index.html,30,html,a1c21081,Sophia Vo,2025-05-02,21:21:27,-07:00,2025-05-02T21:21:27-07:00,0,0
projects/index.html,31,html,a1c21081,Sophia Vo,2025-05-02,21:21:27,-07:00,2025-05-02T21:21:27-07:00,0,0
projects/index.html,32,html,dfa602fb,Sophia Vo,2025-04-11,23:10:07,-07:00,2025-04-11T23:10:07-07:00,0,21
projects/index.html,33,html,4c6e07c8,Sophia Vo,2025-04-25,15:57:32,-07:00,2025-04-25T15:57:32-07:00,0,49
projects/index.html,34,html,4c6e07c8,Sophia Vo,2025-04-25,15:57:32,-07:00,2025-04-25T15:57:32-07:00,0,48
projects/index.html,35,html,00000000,Not Committed Yet,2025-05-08,19:20:37,-07:00,2025-05-08T19:20:37-07:00,0,0
projects/index.html,36,html,dfa602fb,Sophia Vo,2025-04-11,23:10:07,-07:00,2025-04-11T23:10:07-07:00,0,5
projects/index.html,37,html,f703df5b,Sophia Vo,2025-04-04,22:12:15,-07:00,2025-04-04T22:12:15-07:00,0,6
projects/index.html,38,html,f703df5b,Sophia Vo,2025-04-04,22:12:15,-07:00,2025-04-04T22:12:15-07:00,0,6
contact/index.html,1,html,f703df5b,Sophia Vo,2025-04-04,22:12:15,-07:00,2025-04-04T22:12:15-07:00,0,14
contact/index.html,2,html,f703df5b,Sophia Vo,2025-04-04,22:12:15,-07:00,2025-04-04T22:12:15-07:00,0,15
contact/index.html,3,html,f703df5b,Sophia Vo,2025-04-04,22:12:15,-07:00,2025-04-04T22:12:15-07:00,0,5
contact/index.html,4,html,f703df5b,Sophia Vo,2025-04-04,22:12:15,-07:00,2025-04-04T22:12:15-07:00,0,21
contact/index.html,5,html,f703df5b,Sophia Vo,2025-04-04,22:12:15,-07:00,2025-04-04T22:12:15-07:00,0,69
contact/index.html,6,html,f703df5b,Sophia Vo,2025-04-04,22:12:15,-07:00,2025-04-04T22:12:15-07:00,0,21
contact/index.html,7,html,f703df5b,Sophia Vo,2025-04-04,22:12:15,-07:00,2025-04-04T22:12:15-07:00,0,42
contact/index.html,8,html,c1977cbe,Sophia Vo,2025-04-18,17:41:28,-07:00,2025-04-18T17:41:28-07:00,0,49
contact/index.html,9,html,f703df5b,Sophia Vo,2025-04-04,22:12:15,-07:00,2025-04-04T22:12:15-07:00,0,6
contact/index.html,10,html,f703df5b,Sophia Vo,2025-04-04,22:12:15,-07:00,2025-04-04T22:12:15-07:00,0,5
contact/index.html,11,html,f703df5b,Sophia Vo,2025-04-04,22:12:15,-07:00,2025-04-04T22:12:15-07:00,0,18
contact/index.html,12,html,c1977cbe,Sophia Vo,2025-04-18,17:41:28,-07:00,2025-04-18T17:41:28-07:00,0,35
contact/index.html,13,html,dfa602fb,Sophia Vo,2025-04-11,23:10:07,-07:00,2025-04-11T23:10:07-07:00,0,22
contact/index.html,14,html,dfa602fb,Sophia Vo,2025-04-11,23:10:07,-07:00,2025-04-11T23:10:07-07:00,0,59
contact/index.html,15,html,dfa602fb,Sophia Vo,2025-04-11,23:10:07,-07:00,2025-04-11T23:10:07-07:00,0,0
contact/index.html,16,html,dfa602fb,Sophia Vo,2025-04-11,23:10:07,-07:00,2025-04-11T23:10:07-07:00,0,22
contact/index.html,17,html,dfa602fb,Sophia Vo,2025-04-11,23:10:07,-07:00,2025-04-11T23:10:07-07:00,0,285
contact/index.html,18,html,dfa602fb,Sophia Vo,2025-04-11,23:10:07,-07:00,2025-04-11T23:10:07-07:00,0,0
contact/index.html,19,html,dfa602fb,Sophia Vo,2025-04-11,23:10:07,-07:00,2025-04-11T23:10:07-07:00,0,55
contact/index.html,20,html,dfa602fb,Sophia Vo,2025-04-11,23:10:07,-07:00,2025-04-11T23:10:07-07:00,0,0
contact/index.html,21,html,f703df5b,Sophia Vo,2025-04-04,22:12:15,-07:00,2025-04-04T22:12:15-07:00,0,6
contact/index.html,22,html,f703df5b,Sophia Vo,2025-04-04,22:12:15,-07:00,2025-04-04T22:12:15-07:00,0,6
contact/index.html,23,html,f703df5b,Sophia Vo,2025-04-04,22:12:15,-07:00,2025-04-04T22:12:15-07:00,0,6
